Flare ID,Begin Time,Peak Time,End Time,Class Type,Source Location,Active Region,Instruments,Linked Events Activity ID
2010-04-03T09:04:00-FLR-001,2010-04-03T09:04Z,2010-04-03T09:54Z,2010-04-03T10:58Z,B7.4,S25W03,11059,GOES14: SEM/XRS 1.0-8.0,2010-04-03T09:54:00-CME-001
2010-06-12T00:30:00-FLR-001,2010-06-12T00:30Z,2010-06-12T00:57Z,2010-06-12T01:02Z,M2.0,N22W43,11081,GOES14: SEM/XRS 1.0-8.0,None
2010-08-07T17:55:00-FLR-001,2010-08-07T17:55Z,2010-08-07T18:24Z,2010-08-07T18:47Z,M1.0,N14E37,11093,GOES14: SEM/XRS 1.0-8.0,None
2010-08-14T09:38:00-FLR-001,2010-08-14T09:38Z,2010-08-14T10:05Z,2010-08-14T10:31Z,C4.4,N11W65,11093,GOES15: SEM/XRS 1.0-8.0,2010-08-14T12:30:00-SEP-001
2010-08-18T04:45:00-FLR-001,2010-08-18T04:45Z,2010-08-18T05:48Z,2010-08-18T06:51Z,C4.5,N18W88,11099,GOES15: SEM/XRS 1.0-8.0,2010-08-18T06:00:00-CME-001
2010-10-16T19:07:00-FLR-001,2010-10-16T19:07Z,2010-10-16T19:12Z,2010-10-16T19:15Z,M2.9,S20W26,11112,GOES14: SEM/XRS 1.0-8.0,None
2011-01-28T00:44:00-FLR-001,2011-01-28T00:44Z,2011-01-28T01:03Z,2011-01-28T01:10Z,M1.3,N17W88,11149,GOES15: SEM/XRS 1.0-8.0,None
2011-02-09T01:23:00-FLR-001,2011-02-09T01:23Z,2011-02-09T01:31Z,2011-02-09T01:35Z,M1.9,N16W70,11153,GOES15: SEM/XRS 1.0-8.0,None
2011-02-13T17:28:00-FLR-001,2011-02-13T17:28Z,2011-02-13T17:38Z,2011-02-13T17:47Z,M6.6,S20E04,11158,GOES15: SEM/XRS 1.0-8.0,None
2011-02-14T17:20:00-FLR-001,2011-02-14T17:20Z,2011-02-14T17:26Z,2011-02-14T17:32Z,M2.2,S20W04,11158,GOES15: SEM/XRS 1.0-8.0,None
2011-02-15T01:44:00-FLR-001,2011-02-15T01:44Z,2011-02-15T01:56Z,2011-02-15T02:06Z,X2.2,S20W10,11158,GOES15: SEM/XRS 1.0-8.0,2011-02-15T02:25:00-CME-001
2011-02-16T01:32:00-FLR-001,2011-02-16T01:32Z,2011-02-16T01:39Z,2011-02-16T01:46Z,M1.0,S21W28,11158,GOES15: SEM/XRS 1.0-8.0,None
2011-02-18T09:55:00-FLR-001,2011-02-18T09:55Z,2011-02-18T10:11Z,2011-02-18T10:15Z,M6.6,S20W63,11158,GOES15: SEM/XRS 1.0-8.0,None
2011-02-24T07:23:00-FLR-001,2011-02-24T07:23Z,2011-02-24T07:35Z,2011-02-24T07:42Z,M3.5,N14E87,11163,GOES15: SEM/XRS 1.0-8.0,2011-02-24T08:00:00-CME-001
2011-02-28T12:38:00-FLR-001,2011-02-28T12:38Z,2011-02-28T12:52Z,2011-02-28T13:03Z,M1.1,N28E39,11164,GOES15: SEM/XRS 1.0-8.0,None
2011-03-07T13:44:00-FLR-001,2011-03-07T13:44Z,2011-03-07T14:30Z,2011-03-07T15:08Z,M2.0,N11E21,11166,GOES15: SEM/XRS 1.0-8.0,2011-03-07T14:40:00-CME-001
2011-03-07T19:43:00-FLR-001,2011-03-07T19:43Z,2011-03-07T20:12Z,2011-03-07T21:40Z,M3.7,N30W48,11164,GOES15: SEM/XRS 1.0-8.0,2011-03-07T20:12:00-CME-001
2011-03-08T02:24:00-FLR-001,2011-03-08T02:24Z,2011-03-08T02:29Z,2011-03-08T02:32Z,M1.3,S18W80,11165,GOES15: SEM/XRS 1.0-8.0,None
2011-03-08T03:37:00-FLR-001,2011-03-08T03:37Z,2011-03-08T03:58Z,2011-03-08T04:20Z,M1.5,S21E72,11171,GOES15: SEM/XRS 1.0-8.0,2011-03-08T05:00:00-CME-001
2011-03-08T10:35:00-FLR-001,2011-03-08T10:35Z,2011-03-08T10:44Z,2011-03-08T10:55Z,M5.3,S17W88,11165,GOES15: SEM/XRS 1.0-8.0,None
2011-03-09T23:13:00-FLR-001,2011-03-09T23:13Z,2011-03-09T23:23Z,2011-03-09T23:29Z,X1.5,N11W14,,GOES15: SEM/XRS 1.0-8.0,None
2011-06-07T06:16:00-FLR-001,2011-06-07T06:16Z,2011-06-07T06:41Z,2011-06-07T06:59Z,M2.5,S22W53,11226,GOES15: SEM/XRS 1.0-8.0;,2011-06-07T06:50:00-CME-001;2011-06-07T08:25:00-SEP-001;
2011-07-30T02:05:00-FLR-001,2011-07-30T02:05Z,2011-07-30T02:09Z,2011-07-30T02:12Z,M9.3,N16E33,11261,GOES15: SEM/XRS 1.0-8.0,None
2011-08-03T13:17:00-FLR-001,2011-08-03T13:17Z,2011-08-03T13:48Z,2011-08-03T14:10Z,M6.0,N17W29,11261,GOES15: SEM/XRS 1.0-8.0,2011-08-03T13:55:00-CME-001
2011-08-04T03:41:00-FLR-001,2011-08-04T03:41Z,2011-08-04T03:57Z,2011-08-04T04:04Z,M9.3,N15W39,11261,GOES15: SEM/XRS 1.0-8.0;,2011-08-04T04:10:00-CME-001;2011-08-04T05:00:00-SEP-001;2011-08-04T05:10:00-SEP-001;
2011-08-09T07:48:00-FLR-001,2011-08-09T07:48Z,2011-08-09T08:05Z,2011-08-09T08:08Z,X6.9,N17W69,11263,GOES15: SEM/XRS 1.0-8.0;,2011-08-09T08:40:00-SEP-001;2011-08-09T08:45:00-SEP-001;
2011-09-06T01:35:00-FLR-001,2011-09-06T01:35Z,2011-09-06T01:50Z,2011-09-06T02:05Z,M5.3,N14W04,11283,GOES15: SEM/XRS 1.0-8.0,None
2011-09-06T22:12:00-FLR-001,2011-09-06T22:12Z,2011-09-06T22:20Z,2011-09-06T22:24Z,X2.1,N14W17,11283,GOES15: SEM/XRS 1.0-8.0,2011-09-07T06:00:00-SEP-001
2011-09-07T22:32:00-FLR-001,2011-09-07T22:32Z,2011-09-07T22:38Z,2011-09-07T22:44Z,X1.8,N15W31,11283,GOES15: SEM/XRS 1.0-8.0,2011-09-07T23:24:00-CME-001
2011-09-08T15:32:00-FLR-001,2011-09-08T15:32Z,2011-09-08T15:46Z,2011-09-08T15:52Z,M6.7,N15W40,11283,GOES15: SEM/XRS 1.0-8.0,None
2011-09-22T10:29:00-FLR-001,2011-09-22T10:29Z,2011-09-22T11:01Z,2011-09-22T11:44Z,X1.4,N09E89,,GOES15: SEM/XRS 1.0-8.0;,2011-09-22T11:24:00-CME-001;2011-09-22T11:35:00-SEP-001;
2011-09-24T09:21:00-FLR-001,2011-09-24T09:21Z,2011-09-24T09:40Z,2011-09-24T09:48Z,X1.9,N13E61,11302,GOES15: SEM/XRS 1.0-8.0,2011-09-24T11:50:00-SEP-001
2011-09-24T12:33:00-FLR-001,2011-09-24T12:33Z,2011-09-24T13:20Z,2011-09-24T14:10Z,M7.1,N13E58,11302,GOES15: SEM/XRS 1.0-8.0,None
2011-09-24T20:29:00-FLR-001,2011-09-24T20:29Z,2011-09-24T20:36Z,2011-09-24T20:42Z,M5.8,N13E55,11302,GOES15: SEM/XRS 1.0-8.0,2011-09-24T20:45:00-SEP-001
2011-09-25T04:31:00-FLR-001,2011-09-25T04:31Z,2011-09-25T04:50Z,2011-09-25T05:05Z,M8.8,N11E47,,GOES15: SEM/XRS 1.0-8.0,None
2011-11-03T20:16:00-FLR-001,2011-11-03T20:16Z,2011-11-03T20:27Z,2011-11-03T20:32Z,X1.9,N18E51,11339,GOES15: SEM/XRS 1.0-8.0,None
2012-01-23T03:38:00-FLR-001,2012-01-23T03:38Z,2012-01-23T03:59Z,2012-01-23T04:34Z,M8.7,N28W20,11402,GOES15: SEM/XRS 1.0-8.0;,2012-01-23T04:00:00-CME-001;2012-01-23T04:49:00-SEP-001;2012-01-23T05:00:00-SEP-001;2012-01-23T05:30:00-SEP-001;2012-01-23T08:15:00-SEP-001;2012-01-24T06:30:00-SEP-001;
2012-01-27T17:37:00-FLR-001,2012-01-27T17:37Z,2012-01-27T18:37Z,2012-01-27T18:56Z,X1.8,N31W90,11402,GOES15: SEM/XRS 1.0-8.0;,2012-01-27T18:39:00-CME-001;2012-01-27T23:35:00-SEP-001;
2012-03-05T03:30:00-FLR-001,2012-03-05T03:30Z,2012-03-05T04:05Z,2012-03-05T04:43Z,X1.1,N19W58,11429,GOES15: SEM/XRS 1.0-8.0,2012-03-05T04:00:00-CME-001
2012-03-07T00:00:00-FLR-001,2012-03-07T00:02Z,2012-03-07T00:24Z,2012-03-07T00:40Z,X5.4,N18E31,11429,GOES15: SEM/XRS 1.0-8.0;,2012-03-07T00:36:00-CME-001;2012-03-07T01:25:00-CME-001;2012-03-07T01:44:00-SEP-001;2012-03-07T04:05:00-SEP-001;2012-03-07T05:00:00-SEP-001;
2012-03-07T01:05:00-FLR-001,2012-03-07T01:05Z,2012-03-07T01:14Z,2012-03-07T01:23Z,X1.3,N17E27,,GOES15: SEM/XRS 1.0-8.0;,2012-03-07T00:36:00-CME-001;2012-03-07T01:25:00-CME-001;2012-03-07T01:44:00-SEP-001;2012-03-07T04:05:00-SEP-001;2012-03-07T05:00:00-SEP-001;
2012-03-09T03:22:00-FLR-001,2012-03-09T03:22Z,2012-03-09T03:53Z,2012-03-09T04:18Z,M6.3,N17E02,,GOES15: SEM/XRS 1.0-8.0,2012-03-09T04:25:00-CME-001
2012-03-10T14:43:00-FLR-001,2012-03-10T14:43Z,2012-03-10T15:52Z,2012-03-10T16:16Z,C8.0,N20W39,11430,GOES15: SEM/XRS 1.0-8.0,2012-03-10T16:24:00-CME-001
2012-03-10T17:15:00-FLR-001,2012-03-10T17:15Z,2012-03-10T17:27Z,2012-03-10T17:32Z,M5.4,N18W22,11429,GOES15: SEM/XRS 1.0-8.0,2012-03-10T18:09:00-CME-001
2012-03-10T17:32:00-FLR-001,2012-03-10T17:32Z,2012-03-10T17:44Z,2012-03-10T18:30Z,M8.4,N18W22,11429,GOES15: SEM/XRS 1.0-8.0,2012-03-10T18:09:00-CME-001
2012-03-13T16:21:00-FLR-001,2012-03-13T16:21Z,2012-03-13T17:41Z,2012-03-13T18:25Z,M7.9,N18W59,11429,GOES15: SEM/XRS 1.0-8.0;,2012-03-13T17:52:00-CME-001;2012-03-13T18:10:00-SEP-001;
2012-05-10T04:11:00-FLR-001,2012-05-10T04:11Z,2012-05-10T04:18Z,2012-05-10T04:23Z,M5.7,N15E20,,GOES15: SEM/XRS 1.0-8.0,None
2012-05-17T00:30:00-FLR-001,2012-05-17T00:30Z,2012-05-17T01:47Z,2012-05-17T02:14Z,M5.1,N06W90,,GOES15: SEM/XRS 1.0-8.0;,2012-05-17T01:48:00-CME-001;2012-05-17T02:10:00-SEP-001;
2012-06-13T11:29:00-FLR-001,2012-06-13T11:29Z,2012-06-13T13:17Z,2012-06-13T14:31Z,M1.2,S18E21,11504,GOES15: SEM/XRS 1.0-8.0,2012-06-13T14:00:00-CME-001
2012-06-14T12:52:00-FLR-001,2012-06-14T12:52Z,2012-06-14T14:35Z,2012-06-14T15:56Z,M1.9,S17W00,11504,GOES15: SEM/XRS 1.0-8.0,2012-06-14T14:09:00-CME-001
2012-07-02T10:43:00-FLR-001,2012-07-02T10:43Z,2012-07-02T10:52Z,2012-07-02T10:57Z,M5.6,S16E16,,GOES15: SEM/XRS 1.0-8.0,None
2012-07-04T09:47:00-FLR-001,2012-07-04T09:47Z,2012-07-04T09:55Z,2012-07-04T09:57Z,M5.3,S16W18,,GOES15: SEM/XRS 1.0-8.0,None
2012-07-05T11:39:00-FLR-001,2012-07-05T11:39Z,2012-07-05T11:44Z,2012-07-05T11:49Z,M6.1,S18W32,,GOES15: SEM/XRS 1.0-8.0,None
2012-07-06T23:01:00-FLR-001,2012-07-06T23:01Z,2012-07-06T23:08Z,2012-07-06T23:14Z,X1.1,S17W50,,GOES15: SEM/XRS 1.0-8.0;,2012-07-06T23:12:00-CME-001;2012-07-07T04:00:00-SEP-001;
2012-07-08T16:23:00-FLR-001,2012-07-08T16:23Z,2012-07-08T16:32Z,2012-07-08T16:42Z,M6.9,S17W74,11515,GOES15: SEM/XRS 1.0-8.0,2012-07-09T01:20:00-SEP-001
2012-07-12T15:37:00-FLR-001,2012-07-12T15:37Z,2012-07-12T16:49Z,2012-07-12T17:30Z,X1.4,S14W02,11520,GOES15: SEM/XRS 1.0-8.0;,2012-07-12T16:54:00-CME-001;2012-07-12T17:50:00-SEP-001;2012-07-12T18:18:00-SEP-001;2012-07-12T18:35:00-SEP-001;
2012-07-17T12:03:00-FLR-001,2012-07-17T12:03Z,2012-07-17T17:15Z,2012-07-17T19:04Z,M1.8,S15W88,11520,GOES15: SEM/XRS 1.0-8.0;,2012-07-17T14:24:00-CME-001;2012-07-17T16:30:00-SEP-001;
2012-07-19T04:17:00-FLR-001,2012-07-19T04:17Z,2012-07-19T05:58Z,2012-07-19T06:56Z,M7.7,S17W91,11520,GOES15: SEM/XRS 1.0-8.0,2012-07-19T05:36:00-CME-001
2012-07-28T20:44:00-FLR-001,2012-07-28T20:44Z,2012-07-28T20:56Z,2012-07-28T21:04Z,M6.2,S20E49,,GOES15: SEM/XRS 1.0-8.0,2012-07-28T21:24:00-CME-001
2012-08-18T00:24:00-FLR-001,2012-08-18T00:24Z,2012-08-18T01:02Z,2012-08-18T01:07Z,M5.5,N20W87,,GOES15: SEM/XRS 1.0-8.0,None
2012-08-31T19:45:00-FLR-001,2012-08-31T19:45Z,2012-08-31T20:43Z,2012-08-31T21:51Z,C8.4,N03E08,11560,GOES15: SEM/XRS 1.0-8.0,2012-08-31T20:36:00-CME-001
2012-09-27T23:36:00-FLR-001,2012-09-27T23:36Z,2012-09-27T23:57Z,2012-09-28T00:34Z,C3.7,N09W26,11577,GOES15: SEM/XRS 1.0-8.0;,2012-09-28T02:25:00-CME-001;2012-09-28T02:47:00-SEP-001;2012-09-28T03:00:00-SEP-001;2012-09-28T05:21:00-SEP-001;
2012-10-20T18:05:00-FLR-001,2012-10-20T18:05Z,2012-10-20T18:14Z,2012-10-20T18:19Z,M9.1,S12E88,,GOES15: SEM/XRS 1.0-8.0,None
2012-10-22T18:38:00-FLR-001,2012-10-22T18:38Z,2012-10-22T18:51Z,2012-10-22T19:01Z,M5.0,S12E60,11598,GOES15: SEM/XRS 1.0-8.0,None
2012-10-23T03:13:00-FLR-001,2012-10-23T03:13Z,2012-10-23T03:17Z,2012-10-23T03:21Z,X1.8,S12E58,11598,GOES15: SEM/XRS 1.0-8.0,None
2012-11-08T02:09:00-FLR-001,2012-11-08T02:09Z,2012-11-08T02:23Z,2012-11-08T04:40Z,M1.7,S10E70,,GOES15: SEM/XRS 1.0-8.0,2012-11-08T11:09:00-CME-001
2012-11-13T01:58:00-FLR-001,2012-11-13T01:58Z,2012-11-13T02:04Z,,M6.0,S25E46,,GOES15: SEM/XRS 1.0-8.0,None
2012-11-20T12:36:00-FLR-001,2012-11-20T12:36Z,2012-11-20T12:41Z,2012-11-20T12:46Z,M1.7,N06E20,,GOES15: SEM/XRS 1.0-8.0,None
2012-11-21T15:10:00-FLR-001,2012-11-21T15:10Z,2012-11-21T15:30Z,2012-11-21T15:38Z,M3.5,N08W00,11618,GOES15: SEM/XRS 1.0-8.0,2012-11-21T16:24:00-CME-001
2013-03-15T05:51:00-FLR-001,2013-03-15T05:51Z,2013-03-15T06:58Z,2013-03-15T14:30Z,M1.2,N20E08,,GOES15: SEM/XRS 1.0-8.0,2013-03-15T06:54:00-CME-001
2013-04-11T06:55:00-FLR-001,2013-04-11T06:55Z,2013-04-11T07:16Z,2013-04-11T07:29Z,M6.5,N07E13,11719,GOES15: SEM/XRS 1.0-8.0;,2013-04-11T07:36:00-CME-001;2013-04-11T08:12:00-SEP-001;2013-04-11T09:30:00-SEP-001;2013-04-11T10:10:00-SEP-001;
2013-05-03T17:24:00-FLR-001,2013-05-03T17:24Z,2013-05-03T17:32Z,2013-05-03T17:41Z,M5.7,N15E85,,GOES15: SEM/XRS 1.0-8.0,None
2013-05-13T01:53:00-FLR-001,2013-05-13T01:53Z,2013-05-13T02:17Z,2013-05-13T02:32Z,X1.6,N10E89,,GOES15: SEM/XRS 1.0-8.0;,2013-05-13T02:54:00-CME-001;2013-05-13T04:12:00-SEP-001;
2013-05-13T15:40:00-FLR-001,2013-05-13T15:40Z,2013-05-13T16:05Z,2013-05-13T16:16Z,X2.8,N10E89,,GOES15: SEM/XRS 1.0-8.0;,2013-05-13T16:18:00-CME-001;2013-05-13T18:02:00-SEP-001;
2013-05-14T01:00:00-FLR-001,2013-05-14T01:00Z,2013-05-14T01:11Z,2013-05-14T01:20Z,X3.2,N10E89,,GOES15: SEM/XRS 1.0-8.0,2013-05-14T01:30:00-CME-001
2013-05-15T01:25:00-FLR-001,2013-05-15T01:25Z,2013-05-15T01:48Z,2013-05-15T01:58Z,X1.2,N11E63,,GOES15: SEM/XRS 1.0-8.0;,2013-05-15T02:18:00-CME-001;2013-05-15T13:25:00-SEP-001;
2013-05-22T12:30:00-FLR-001,2013-05-22T12:30Z,2013-05-22T13:38Z,2013-05-22T17:10Z,M5.0,N13W75,,GOES15: SEM/XRS 1.0-8.0;,2013-05-22T13:24:00-CME-001;2013-05-22T15:05:00-SEP-001;2013-05-22T15:05:00-SEP-002;2013-05-22T15:30:00-SEP-001;
2013-06-07T22:32:00-FLR-001,2013-06-07T22:32Z,2013-06-07T22:49Z,2013-06-07T23:04Z,M5.9,S28W85,11762,GOES15: SEM/XRS 1.0-8.0,None
2013-06-21T02:30:00-FLR-001,2013-06-21T02:30Z,2013-06-21T03:14Z,2013-06-21T03:43Z,M2.9,S14E37,11777,GOES15: SEM/XRS 1.0-8.0,2013-06-21T06:09:00-SEP-001
2013-10-22T00:14:00-FLR-001,2013-10-22T00:14Z,2013-10-22T00:22Z,2013-10-22T00:28Z,M1.0,N06E16,11875,GOES15: SEM/XRS 1.0-8.0,None
2013-10-22T14:49:00-FLR-001,2013-10-22T14:49Z,2013-10-22T15:20Z,2013-10-22T15:28Z,M1.0,N05E08,11875,GOES15: SEM/XRS 1.0-8.0,None
2013-10-22T21:15:00-FLR-001,2013-10-22T21:15Z,2013-10-22T21:20Z,2013-10-22T21:32Z,M4.3,N05E03,11875,GOES15: SEM/XRS 1.0-8.0,2013-10-22T22:00:00-CME-001
2013-10-24T00:22:00-FLR-001,2013-10-24T00:22Z,2013-10-24T00:30Z,2013-10-24T00:35Z,M9.3,S13E09,11877,GOES15: SEM/XRS 1.0-8.0,2013-10-24T01:48:00-CME-001
2013-10-25T07:53:00-FLR-001,2013-10-25T07:53Z,2013-10-25T08:01Z,2013-10-25T08:09Z,X1.7,S08E73,11882,GOES15: SEM/XRS 1.0-8.0;,2013-10-25T08:24:00-CME-001;2013-10-25T13:36:00-SEP-001;
2013-10-25T14:52:00-FLR-001,2013-10-25T14:52Z,2013-10-25T15:03Z,2013-10-25T15:12Z,X2.1,S08E65,11882,GOES15: SEM/XRS 1.0-8.0,2013-10-25T15:12:00-CME-001
2013-10-26T19:24:00-FLR-001,2013-10-26T19:24Z,2013-10-26T19:27Z,2013-10-26T19:30Z,M3.1,S09E77,11884,GOES15: SEM/XRS 1.0-8.0,2013-10-26T20:09:00-CME-001
2013-10-26T19:49:00-FLR-001,2013-10-26T19:49Z,2013-10-26T19:53Z,2013-10-26T19:58Z,M1.0,S08E46,11882,GOES15: SEM/XRS 1.0-8.0,None
2013-10-28T01:41:00-FLR-001,2013-10-28T01:41Z,2013-10-28T02:03Z,2013-10-28T02:12Z,X1.0,N07W634,11875,GOES15: SEM/XRS 1.0-8.0,2013-10-28T02:12:00-CME-001
2013-10-28T04:32:00-FLR-001,2013-10-28T04:32Z,2013-10-28T04:41Z,2013-10-28T04:46Z,M5.1,N07W65,11875,GOES15: SEM/XRS 1.0-8.0,2013-10-28T04:48:00-CME-001
2013-10-29T21:48:00-FLR-001,2013-10-29T21:48Z,2013-10-29T21:54Z,2013-10-29T22:01Z,X2.3,N07W89,11875,GOES15: SEM/XRS 1.0-8.0,2013-10-29T22:12:00-CME-001
2013-11-01T19:46:00-FLR-001,2013-11-01T19:46Z,2013-11-01T19:53Z,2013-11-01T19:58Z,M6.3,S12E01,11884,GOES15: SEM/XRS 1.0-8.0,None
2013-11-05T22:08:00-FLR-001,2013-11-05T22:08Z,2013-11-05T22:12Z,2013-11-05T22:15Z,X3.3,S09E37,11890,GOES15: SEM/XRS 1.0-8.0,None
2013-11-08T04:20:00-FLR-001,2013-11-08T04:20Z,2013-11-08T04:26Z,2013-11-08T04:29Z,X1.1,S10E11,11890,GOES15: SEM/XRS 1.0-8.0,2013-11-08T06:09:00-CME-001
2013-11-10T05:08:00-FLR-001,2013-11-10T05:08Z,2013-11-10T05:14Z,2013-11-10T05:18Z,X1.1,S11W16,11890,GOES15: SEM/XRS 1.0-8.0,2013-11-10T05:39:00-CME-001
2013-11-19T10:14:00-FLR-001,2013-11-19T10:14Z,2013-11-19T10:26Z,2013-11-19T10:34Z,X1.0,S13W69,11893,GOES15: SEM/XRS 1.0-8.0,2013-11-19T10:39:00-CME-001
2013-12-29T07:49:00-FLR-001,2013-12-29T07:49Z,2013-12-29T07:56Z,2013-12-29T08:00Z,M3.1,S16W01,11936,GOES15: SEM/XRS 1.0-8.0,None
2013-12-31T21:43:00-FLR-001,2013-12-31T21:43Z,2013-12-31T21:58Z,2013-12-31T22:20Z,M6.4,S16W34,11936,GOES15: SEM/XRS 1.0-8.0,None
2014-01-01T18:40:00-FLR-001,2014-01-01T18:40Z,2014-01-01T18:52Z,2014-01-01T19:03Z,M9.9,S16W36,11936,GOES15: SEM/XRS 1.0-8.0,None
2014-01-02T02:24:00-FLR-001,2014-01-02T02:24Z,2014-01-02T02:33Z,2014-01-02T02:56Z,M1.7,S05E89,11944,GOES15: SEM/XRS 1.0-8.0,None
2014-01-02T22:12:00-FLR-001,2014-01-02T22:12Z,2014-01-02T22:18Z,2014-01-02T22:22Z,M1.2,S05E65,11944,GOES15: SEM/XRS 1.0-8.0,None
2014-01-03T12:41:00-FLR-001,2014-01-03T12:41Z,2014-01-03T12:50Z,2014-01-03T12:54Z,M1.0,S04E52,11944,GOES15: SEM/XRS 1.0-8.0,None
2014-01-03T21:00:00-FLR-001,2014-01-03T21:00Z,2014-01-03T21:14Z,2014-01-03T21:40Z,M1.1,S04E52,11944,GOES15: SEM/XRS 1.0-8.0,None
2014-01-04T10:16:00-FLR-001,2014-01-04T10:16Z,2014-01-04T10:25Z,2014-01-04T10:41Z,M1.3,S09E41,11944,GOES15: SEM/XRS 1.0-8.0,None
2014-01-04T18:47:00-FLR-001,2014-01-04T18:47Z,2014-01-04T19:46Z,2014-01-04T20:23Z,M4.0,S11E33,11943,GOES15: SEM/XRS 1.0-8.0,2014-01-04T21:25:00-CME-001
2014-01-04T22:12:00-FLR-001,2014-01-04T22:12Z,2014-01-04T22:52Z,2014-01-04T23:22Z,M1.9,S14W89,11936,GOES15: SEM/XRS 1.0-8.0,2014-01-05T00:54:00-CME-001
2014-01-07T03:49:00-FLR-001,2014-01-07T03:49Z,2014-01-07T03:53Z,2014-01-07T03:56Z,M1.0,N07E08,11946,GOES15: SEM/XRS 1.0-8.0,None
2014-01-07T10:07:00-FLR-001,2014-01-07T10:07Z,2014-01-07T10:13Z,2014-01-07T10:37Z,M7.2,S13E13,11944,GOES15: SEM/XRS 1.0-8.0,None
2014-01-07T18:02:00-FLR-001,2014-01-07T18:02Z,2014-01-07T18:32Z,2014-01-07T18:58Z,X1.2,S15W10,11943,GOES15: SEM/XRS 1.0-8.0;,2014-01-07T18:24:00-CME-001;2014-01-07T19:45:00-SEP-001;2014-01-07T20:30:00-SEP-001;2014-01-07T20:30:00-SEP-002;
2014-01-08T03:39:00-FLR-001,2014-01-08T03:39Z,2014-01-08T03:47Z,2014-01-08T03:54Z,M3.6,N11W88,11947,GOES15: SEM/XRS 1.0-8.0,2014-01-08T04:12:00-CME-001
2014-01-13T21:48:00-FLR-001,2014-01-13T21:48Z,2014-01-13T21:51Z,2014-01-13T21:53Z,M1.3,S08W75,11944,GOES15: SEM/XRS 1.0-8.0,None
2014-01-14T06:33:00-FLR-001,2014-01-14T06:33Z,2014-01-14T06:39Z,2014-01-14T06:44Z,M2.1,S14E54,11967,GOES15: SEM/XRS 1.0-8.0,None
2014-01-27T01:05:00-FLR-001,2014-01-27T01:05Z,2014-01-27T01:21Z,2014-01-27T01:39Z,M1.0,S16E88,,GOES15: SEM/XRS 1.0-8.0,2014-01-27T02:24:00-CME-001
2014-01-27T02:02:00-FLR-001,2014-01-27T02:02Z,2014-01-27T02:10Z,2014-01-27T02:18Z,M1.1,S13E88,,GOES15: SEM/XRS 1.0-8.0,2014-01-27T02:24:00-CME-001
2014-01-28T04:02:00-FLR-001,2014-01-28T04:02Z,2014-01-28T04:09Z,2014-01-28T04:13Z,M1.5,S14E74,11967,GOES15: SEM/XRS 1.0-8.0,None
2014-01-28T07:25:00-FLR-001,2014-01-28T07:25Z,2014-01-28T07:31Z,2014-01-28T07:34Z,M3.6,S14E74,11967,GOES15: SEM/XRS 1.0-8.0,None
2014-01-28T11:34:00-FLR-001,2014-01-28T11:34Z,2014-01-28T11:38Z,2014-01-28T11:41Z,M1.4,S14E73,11967,GOES15: SEM/XRS 1.0-8.0,None
2014-01-28T12:50:00-FLR-001,2014-01-28T12:50Z,2014-01-28T12:46Z,2014-01-28T12:50Z,M1.3,S14E72,11967,GOES15: SEM/XRS 1.0-8.0,None
2014-01-28T15:25:00-FLR-001,2014-01-28T15:25Z,2014-01-28T15:26Z,2014-01-28T15:29Z,M3.5,S14E72,11967,GOES15: SEM/XRS 1.0-8.0,None
2014-01-28T19:37:00-FLR-001,2014-01-28T19:37Z,2014-01-28T19:40Z,2014-01-28T19:46Z,M4.9,S14E72,11967,GOES15: SEM/XRS 1.0-8.0,None
2014-01-28T22:04:00-FLR-001,2014-01-28T22:04Z,2014-01-28T22:16Z,2014-01-28T22:20Z,M2.6,S14E72,11967,GOES15: SEM/XRS 1.0-8.0,None
2014-01-30T07:54:00-FLR-001,2014-01-30T07:54Z,2014-01-30T08:11Z,2014-01-30T08:41Z,M1.1,S14E45,11967,GOES15: SEM/XRS 1.0-8.0,2014-01-30T08:36:00-CME-001
2014-01-30T15:48:00-FLR-001,2014-01-30T15:48Z,2014-01-30T16:11Z,2014-01-30T16:28Z,M6.6,S12E61,11967,GOES15: SEM/XRS 1.0-8.0,2014-01-30T16:24:00-CME-001
2014-01-31T15:32:00-FLR-001,2014-01-31T15:32Z,2014-01-31T15:42Z,2014-01-31T15:53Z,M1.1,N07E34,11968,GOES15: SEM/XRS 1.0-8.0,None
2014-02-01T01:19:00-FLR-001,2014-02-01T01:19Z,2014-02-01T01:25Z,2014-02-01T01:38Z,M1.0,S10E26,11967,GOES15: SEM/XRS 1.0-8.0,None
2014-02-01T07:14:00-FLR-001,2014-02-01T07:14Z,2014-02-01T07:23Z,2014-02-01T07:45Z,M3.0,S10E22,11967,GOES15: SEM/XRS 1.0-8.0,None
2014-02-02T06:24:00-FLR-001,2014-02-02T06:24Z,2014-02-02T06:34Z,2014-02-02T06:37Z,M2.6,N12E18,11968,GOES15: SEM/XRS 1.0-8.0,None
2014-02-02T07:17:00-FLR-001,2014-02-02T07:17Z,2014-02-02T08:20Z,2014-02-02T08:29Z,M2.2,S11E13,11967,GOES15: SEM/XRS 1.0-8.0,None
2014-02-02T09:24:00-FLR-001,2014-02-02T09:24Z,2014-02-02T09:31Z,2014-02-02T09:36Z,M4.4,S10E14,11967,GOES15: SEM/XRS 1.0-8.0,None
2014-02-02T14:01:00-FLR-001,2014-02-02T14:01Z,2014-02-02T14:06Z,2014-02-02T14:09Z,M1.3,N12E14,11968,GOES15: SEM/XRS 1.0-8.0,None
2014-02-02T16:24:00-FLR-001,2014-02-02T16:24Z,2014-02-02T16:36Z,2014-02-02T16:29Z,M1.0,N09E06,11968,GOES15: SEM/XRS 1.0-8.0,None
2014-02-02T18:05:00-FLR-001,2014-02-02T18:05Z,2014-02-02T18:18Z,2014-02-02T18:11Z,M3.1,S10E08,11967,GOES15: SEM/XRS 1.0-8.0,None
2014-02-02T21:24:00-FLR-001,2014-02-02T21:24Z,2014-02-02T22:14Z,2014-02-02T22:04Z,M1.3,S10E01,11967,GOES15: SEM/XRS 1.0-8.0,None
2014-02-04T01:16:00-FLR-001,2014-02-04T01:16Z,2014-02-04T01:23Z,2014-02-04T01:31Z,M3.8,S09W13,11967,GOES15: SEM/XRS 1.0-8.0,None
2014-02-04T02:40:00-FLR-001,2014-02-04T02:40Z,2014-02-04T03:06Z,2014-02-04T03:48Z,M1.2,S15W03,11967,GOES15: SEM/XRS 1.0-8.0,None
2014-02-04T03:57:00-FLR-001,2014-02-04T03:57Z,2014-02-04T04:00Z,2014-02-04T04:06Z,M5.2,S14W07,11967,GOES15: SEM/XRS 1.0-8.0,None
2014-02-04T09:38:00-FLR-001,2014-02-04T09:38Z,2014-02-04T09:49Z,2014-02-04T09:58Z,M1.4,S14W12,11967,GOES15: SEM/XRS 1.0-8.0,None
2014-02-04T15:25:00-FLR-001,2014-02-04T15:25Z,2014-02-04T16:02Z,2014-02-04T16:49Z,M1.5,S14W12,11967,GOES15: SEM/XRS 1.0-8.0,None
2014-02-05T16:11:00-FLR-001,2014-02-05T16:11Z,2014-02-05T16:20Z,2014-02-05T16:42Z,M1.3,S10W36,11967,GOES15: SEM/XRS 1.0-8.0,None
2014-02-06T22:56:00-FLR-001,2014-02-06T22:56Z,2014-02-06T23:03Z,2014-02-06T23:05Z,M1.5,S14W48,11967,GOES15: SEM/XRS 1.0-8.0,None
2014-02-07T04:47:00-FLR-001,2014-02-07T04:47Z,2014-02-07T04:53Z,2014-02-07T04:56Z,M2.0,S15W50,11967,GOES15: SEM/XRS 1.0-8.0,None
2014-02-07T10:25:00-FLR-001,2014-02-07T10:25Z,2014-02-07T10:29Z,2014-02-07T10:31Z,M1.9,N12W53,11968,GOES15: SEM/XRS 1.0-8.0,None
2014-02-09T15:40:00-FLR-001,2014-02-09T15:40Z,2014-02-09T16:14Z,2014-02-09T16:52Z,M1.0,S16E88,11976,GOES15: SEM/XRS 1.0-8.0,2014-02-09T16:12:00-CME-001
2014-02-11T03:22:00-FLR-001,2014-02-11T03:22Z,2014-02-11T03:31Z,2014-02-11T03:39Z,M1.7,S13E16,11974,GOES15: SEM/XRS 1.0-8.0,2014-02-11T05:24:00-CME-001
2014-02-11T16:34:00-FLR-001,2014-02-11T16:34Z,2014-02-11T16:51Z,2014-02-11T17:30Z,M1.8,S13E16,11974,GOES15: SEM/XRS 1.0-8.0,None
2014-02-12T03:52:00-FLR-001,2014-02-12T03:52Z,2014-02-12T04:25Z,2014-02-12T04:38Z,M3.7,S13E00,11974,GOES15: SEM/XRS 1.0-8.0,None
2014-02-12T06:54:00-FLR-001,2014-02-12T06:54Z,2014-02-12T06:58Z,2014-02-12T07:04Z,M2.3,S14W04,11974,GOES15: SEM/XRS 1.0-8.0,None
2014-02-12T15:41:00-FLR-001,2014-02-12T15:41Z,2014-02-12T15:51Z,2014-02-12T16:15Z,M2.1,S10W04,11974,GOES15: SEM/XRS 1.0-8.0,None
2014-02-13T01:32:00-FLR-001,2014-02-13T01:32Z,2014-02-13T01:40Z,2014-02-13T01:50Z,M1.8,S12W09,11974,GOES15: SEM/XRS 1.0-8.0,None
2014-02-13T02:41:00-FLR-001,2014-02-13T02:41Z,2014-02-13T02:51Z,2014-02-13T03:04Z,M1.0,S11W10,11974,GOES15: SEM/XRS 1.0-8.0,None
2014-02-13T05:49:00-FLR-001,2014-02-13T05:49Z,2014-02-13T06:07Z,2014-02-13T06:13Z,M1.7,S11W11,11974,GOES15: SEM/XRS 1.0-8.0,None
2014-02-13T08:05:00-FLR-001,2014-02-13T08:05Z,2014-02-13T08:12Z,2014-02-13T08:19Z,M1.8,S11W11,11974,GOES15: SEM/XRS 1.0-8.0,None
2014-02-13T15:45:00-FLR-001,2014-02-13T15:45Z,2014-02-13T15:57Z,2014-02-13T16:06Z,M1.4,S11W16,11974,GOES15: SEM/XRS 1.0-8.0,None
2014-02-14T02:40:00-FLR-001,2014-02-14T02:40Z,2014-02-14T02:53Z,2014-02-14T02:57Z,M2.3,S11W24,11974,GOES15: SEM/XRS 1.0-8.0,None
2014-02-14T12:29:00-FLR-001,2014-02-14T12:29Z,2014-02-14T12:40Z,2014-02-14T12:45Z,M1.6,S14W35,11974,GOES15: SEM/XRS 1.0-8.0,None
2014-02-14T13:21:00-FLR-001,2014-02-14T13:21Z,2014-02-14T13:28Z,2014-02-14T13:39Z,M1.1,S12W30,11974,GOES15: SEM/XRS 1.0-8.0,None
2014-02-14T16:33:00-FLR-001,2014-02-14T16:33Z,2014-02-14T16:39Z,2014-02-14T16:42Z,M1.0,S12W39,11974,GOES15: SEM/XRS 1.0-8.0,None
2014-02-23T05:50:00-FLR-001,2014-02-23T05:50Z,2014-02-23T06:09Z,2014-02-23T06:36Z,M1.1,S16E88,,GOES15: SEM/XRS 1.0-8.0,None
2014-02-25T00:41:00-FLR-001,2014-02-25T00:41Z,2014-02-25T00:49Z,2014-02-25T01:03Z,X4.9,S15E77,,GOES15: SEM/XRS 1.0-8.0;,2014-02-25T01:25:00-CME-001;2014-02-25T06:05:00-SEP-001;2014-02-25T13:55:00-SEP-001;
2014-02-26T14:52:00-FLR-001,2014-02-26T14:52Z,2014-02-26T15:01Z,2014-02-26T15:10Z,M1.1,S12W45,11982,GOES15: SEM/XRS 1.0-8.0,None
2014-02-28T00:44:00-FLR-001,2014-02-28T00:44Z,2014-02-28T00:48Z,2014-02-28T00:50Z,M1.1,S22E52,11991,GOES15: SEM/XRS 1.0-8.0,None
2014-03-08T23:26:00-FLR-001,2014-03-08T23:26Z,2014-03-08T23:41Z,2014-03-08T00:30Z,M1.4,S18E64,12002,GOES15: SEM/XRS 1.0-8.0,None
2014-03-09T13:52:00-FLR-001,2014-03-09T13:52Z,2014-03-09T13:58Z,2014-03-09T14:05Z,M1.0,S19E54,12002,GOES15: SEM/XRS 1.0-8.0,None
2014-03-09T20:13:00-FLR-001,2014-03-09T20:13Z,2014-03-09T20:28Z,2014-03-09T20:35Z,M1.0,S18E53,12002,GOES15: SEM/XRS 1.0-8.0,None
2014-03-10T00:19:00-FLR-001,2014-03-10T00:19Z,2014-03-10T00:26Z,2014-03-10T00:33Z,M1.1,S18E51,12002,GOES15: SEM/XRS 1.0-8.0,None
2014-03-10T15:21:00-FLR-001,2014-03-10T15:21Z,2014-03-10T15:28Z,2014-03-10T15:32Z,M1.7,S17E41,12002,GOES15: SEM/XRS 1.0-8.0,None
2014-03-10T22:45:00-FLR-001,2014-03-10T22:45Z,2014-03-10T23:00Z,2014-03-10T23:12Z,M1.4,N14W49,11996,GOES15: SEM/XRS 1.0-8.0,None
2014-03-11T03:44:00-FLR-001,2014-03-11T03:44Z,2014-03-11T03:50Z,2014-03-11T03:56Z,M3.5,N14W52,11996,GOES15: SEM/XRS 1.0-8.0,None
2014-03-11T11:59:00-FLR-001,2014-03-11T11:59Z,2014-03-11T12:07Z,2014-03-11T12:17Z,M1.7,S28W90,11991,GOES15: SEM/XRS 1.0-8.0,None
2014-03-12T10:55:00-FLR-001,2014-03-12T10:55Z,2014-03-12T11:05Z,2014-03-12T11:11Z,M2.5,N14W70,11996,GOES15: SEM/XRS 1.0-8.0,None
2014-03-12T22:28:00-FLR-001,2014-03-12T22:28Z,2014-03-12T22:34Z,2014-03-12T22:39Z,M9.3,N14W76,11996,GOES15: SEM/XRS 1.0-8.0,None
2014-03-13T19:03:00-FLR-001,2014-03-13T19:03Z,2014-03-13T19:19Z,2014-03-13T19:30Z,M1.2,N15W87,11996,GOES15: SEM/XRS 1.0-8.0,None
2014-03-20T03:42:00-FLR-001,2014-03-20T03:42Z,2014-03-20T03:56Z,2014-03-20T04:08Z,M1.7,S12E36,12010,GOES15: SEM/XRS 1.0-8.0,None
2014-03-22T06:58:00-FLR-001,2014-03-22T06:58Z,2014-03-22T07:02Z,2014-03-22T07:05Z,M1.1,S09W69,12011,GOES15: SEM/XRS 1.0-8.0,None
2014-03-28T19:04:00-FLR-001,2014-03-28T19:04Z,2014-03-28T19:18Z,2014-03-28T19:27Z,M2.0,N10W20,12017,GOES15: SEM/XRS 1.0-8.0,None
2014-03-28T23:44:00-FLR-001,2014-03-28T23:44Z,2014-03-28T23:51Z,2014-03-29T00:05Z,M2.6,N10W22,12017,GOES15: SEM/XRS 1.0-8.0,None
2014-03-29T17:36:00-FLR-001,2014-03-29T17:36Z,2014-03-29T17:48Z,2014-03-29T17:54Z,X1.0,N10W32,12017,GOES15: SEM/XRS 1.0-8.0,2014-03-29T18:39:00-CME-001
2014-03-30T11:48:00-FLR-001,2014-03-30T11:48Z,2014-03-30T11:55Z,2014-03-30T12:02Z,M2.1,N10W42,12017,GOES15: SEM/XRS 1.0-8.0,None
2014-03-31T07:20:00-FLR-001,2014-03-31T07:20Z,2014-03-31T08:07Z,2014-03-31T08:18Z,M1.4,S13W76,12014,GOES15: SEM/XRS 1.0-8.0,None
2014-04-02T13:18:00-FLR-001,2014-04-02T13:18Z,2014-04-02T14:05Z,2014-04-02T14:28Z,M6.5,N12E53,12027,GOES15: SEM/XRS 1.0-8.0;,2014-04-02T13:55:00-CME-001;2014-04-02T15:55:00-SEP-001;
2014-04-16T19:54:00-FLR-001,2014-04-16T19:54Z,2014-04-16T19:59Z,2014-04-16T20:04Z,M1.0,S14E09,12035,GOES15: SEM/XRS 1.0-8.0,None
2014-04-18T12:31:00-FLR-001,2014-04-18T12:31Z,2014-04-18T13:03Z,2014-04-18T13:20Z,M7.3,S18W29,12036,GOES15: SEM/XRS 1.0-8.0;,2014-04-18T13:09:00-CME-001;2014-04-18T15:25:00-SEP-001;2014-04-18T21:51:00-SEP-001;
2014-04-22T05:25:00-FLR-001,2014-04-22T05:25Z,2014-04-22T05:47Z,2014-04-22T06:06Z,C3.6,S10W20,,GOES15: SEM/XRS 1.0-8.0,None
2014-04-25T00:17:00-FLR-001,2014-04-25T00:17Z,2014-04-25T00:27Z,2014-04-25T00:38Z,X1.3,S14W29,12035,GOES15: SEM/XRS 1.0-8.0,2014-04-25T00:48:00-CME-001
2014-05-06T08:40:00-FLR-001,2014-05-06T08:40Z,2014-05-06T09:03Z,2014-05-06T09:24Z,M1.8,S13W87,12051,GOES15: SEM/XRS 1.0-8.0,2014-05-06T09:12:00-CME-001
2014-05-06T22:01:00-FLR-001,2014-05-06T22:01Z,2014-05-06T22:09Z,2014-05-06T22:20Z,M1.0,S09W91,12051,GOES15: SEM/XRS 1.0-8.0,2014-05-06T22:17:00-CME-001
2014-05-07T16:07:00-FLR-001,2014-05-07T16:07Z,2014-05-07T16:29Z,2014-05-07T13:03Z,M1.2,S12W90,12051,GOES15: SEM/XRS 1.0-8.0,2014-05-07T16:39:00-CME-001
2014-05-08T09:59:00-FLR-001,2014-05-08T09:59Z,2014-05-08T10:07Z,2014-05-08T10:18Z,M5.2,N05E55,12056,GOES15: SEM/XRS 1.0-8.0,None
2014-05-24T18:26:00-FLR-001,2014-05-24T18:26Z,2014-05-24T18:35Z,2014-05-24T18:44Z,M1.3,S18W65,12065,GOES15: SEM/XRS 1.0-8.0,None
2014-06-03T03:58:00-FLR-001,2014-06-03T03:58Z,2014-06-03T04:09Z,2014-06-03T04:17Z,M1.3,S06E30,12077,GOES15: SEM/XRS 1.0-8.0,None
2014-06-06T19:28:00-FLR-001,2014-06-06T19:28Z,2014-06-06T19:31Z,2014-06-06T19:36Z,M1.4,S12E25,12080,GOES15: SEM/XRS 1.0-8.0,None
2014-06-10T06:20:00-FLR-001,2014-06-10T06:20Z,2014-06-10T06:28Z,2014-06-10T06:44Z,C2.4,S12W25,12080,GOES15: SEM/XRS 1.0-8.0,None
2014-06-10T06:59:00-FLR-001,2014-06-10T06:59Z,2014-06-10T07:00Z,2014-06-10T07:10Z,C1.7,S12W25,12080,GOES15: SEM/XRS 1.0-8.0,None
2014-06-10T08:19:00-FLR-001,2014-06-10T08:19Z,2014-06-10T08:42Z,2014-06-10T08:46Z,C3.9,S20E90,,GOES15: SEM/XRS 1.0-8.0,None
2014-06-10T10:04:00-FLR-001,2014-06-10T10:04Z,2014-06-10T10:17Z,2014-06-10T10:44Z,C5.0,S20E90,,GOES15: SEM/XRS 1.0-8.0,None
2014-06-10T11:38:00-FLR-001,2014-06-10T11:38Z,2014-06-10T11:42Z,2014-06-10T11:47Z,X2.2,S18E85,12087,GOES15: SEM/XRS 1.0-8.0,2014-06-10T12:24:00-CME-001
2014-06-10T12:38:00-FLR-001,2014-06-10T12:38Z,2014-06-10T12:52Z,2014-06-10T13:07Z,X1.5,S19E89,12087,GOES15: SEM/XRS 1.0-8.0,2014-06-10T13:09:00-CME-001
2014-06-11T05:30:00-FLR-001,2014-06-11T05:30Z,2014-06-11T05:34Z,2014-06-11T05:36Z,M1.8,S12W35,12080,GOES15: SEM/XRS 1.0-8.0,None
2014-06-11T08:00:00-FLR-001,2014-06-11T08:00Z,2014-06-11T08:09Z,2014-06-11T08:15Z,M3.0,S18E68,12087,GOES15: SEM/XRS 1.0-8.0,None
2014-06-11T08:59:00-FLR-001,2014-06-11T08:59Z,2014-06-11T09:06Z,2014-06-11T09:10Z,X1.0,S18E66,12087,GOES15: SEM/XRS 1.0-8.0,None
2014-06-11T20:53:00-FLR-001,2014-06-11T20:53Z,2014-06-11T21:03Z,2014-06-11T21:10Z,M3.9,S18E59,12087,GOES15: SEM/XRS 1.0-8.0,None
2014-06-12T04:14:00-FLR-001,2014-06-12T04:14Z,2014-06-12T04:21Z,2014-06-12T04:32Z,M2.0,S18E55,12087,GOES15: SEM/XRS 1.0-8.0,None
2014-06-12T09:24:00-FLR-001,2014-06-12T09:24Z,2014-06-12T09:37Z,2014-06-12T09:44Z,M1.8,S18W48,12085,GOES15: SEM/XRS 1.0-8.0,None
2014-06-12T10:14:00-FLR-001,2014-06-12T10:14Z,2014-06-12T10:21Z,2014-06-12T10:45Z,M2.7,S18E52,12087,GOES15: SEM/XRS 1.0-8.0,None
2014-06-12T18:03:00-FLR-001,2014-06-12T18:03Z,2014-06-12T18:13Z,2014-06-12T18:23Z,M1.3,S18E47,12087,GOES15: SEM/XRS 1.0-8.0,None
2014-06-12T19:56:00-FLR-001,2014-06-12T19:56Z,2014-06-12T20:03Z,2014-06-12T20:05Z,M1.1,N18E05,12089,GOES15: SEM/XRS 1.0-8.0,None
2014-06-12T21:01:00-FLR-001,2014-06-12T21:01Z,2014-06-12T21:13Z,2014-06-12T21:19Z,M1.0,S18E46,12087,GOES15: SEM/XRS 1.0-8.0,None
2014-06-12T21:39:00-FLR-001,2014-06-12T21:39Z,2014-06-12T22:16Z,2014-06-12T22:52Z,M3.1,S23W58,12085,GOES15: SEM/XRS 1.0-8.0,2014-06-12T22:12:00-CME-001
2014-06-13T07:49:00-FLR-001,2014-06-13T07:49Z,2014-06-13T07:56Z,2014-06-13T07:59Z,M2.6,S18E39,12087,GOES15: SEM/XRS 1.0-8.0,None
2014-06-14T19:25:00-FLR-001,2014-06-14T19:25Z,2014-06-14T19:29Z,2014-06-14T19:34Z,M1.4,S10E90,,GOES15: SEM/XRS 1.0-8.0,2014-06-14T19:48:00-CME-001
2014-06-15T11:10:00-FLR-001,2014-06-15T11:10Z,2014-06-15T11:39Z,2014-06-15T11:50Z,M1.1,S19W91,12085,GOES15: SEM/XRS 1.0-8.0,None
2014-06-15T23:44:00-FLR-001,2014-06-15T23:44Z,2014-06-16T00:01Z,2014-06-15T00:17Z,M1.0,S20E08,12087,GOES15: SEM/XRS 1.0-8.0,None
2014-07-01T11:04:00-FLR-001,2014-07-01T11:04Z,2014-07-01T11:23Z,2014-07-01T11:50Z,M1.4,N12E60,12160,GOES15: SEM/XRS 1.0-8.0,2014-07-01T12:39:00-CME-001
2014-07-08T16:08:00-FLR-001,2014-07-08T16:08Z,2014-07-08T16:20Z,2014-07-08T16:30Z,M6.5,N12E56,12113,GOES15: SEM/XRS 1.0-8.0,2014-07-08T16:54:00-CME-001
2014-07-09T00:20:00-FLR-001,2014-07-09T00:20Z,2014-07-09T00:26Z,2014-07-09T00:33Z,M1.2,N08E50,12113,GOES15: SEM/XRS 1.0-8.0,None
2014-07-10T22:30:00-FLR-001,2014-07-10T22:30Z,2014-07-10T22:34Z,2014-07-10T22:37Z,M1.5,N15W85,12106,GOES15: SEM/XRS 1.0-8.0,None
2014-07-31T11:01:00-FLR-001,2014-07-31T11:01Z,2014-07-31T11:14Z,2014-07-31T11:21Z,M2.5,S10E51,12130,GOES15: SEM/XRS 1.0-8.0,None
2014-08-01T14:46:00-FLR-001,2014-08-01T14:46Z,2014-08-01T14:48Z,2014-08-01T14:57Z,M2.0,S10E35,12130,GOES15: SEM/XRS 1.0-8.0,None
2014-08-01T18:00:00-FLR-001,2014-08-01T18:00Z,2014-08-01T18:12Z,2014-08-01T18:48Z,M1.5,S09E13,12127,GOES15: SEM/XRS 1.0-8.0,2014-08-01T18:54:00-CME-001
2014-08-21T13:19:00-FLR-001,2014-08-21T13:19Z,2014-08-21T13:31Z,2014-08-21T13:31Z,M3.4,N11E90,12149,GOES15: SEM/XRS 1.0-8.0,2014-08-21T14:36:00-CME-001
2014-08-22T06:18:00-FLR-001,2014-08-22T06:18Z,2014-08-22T06:28Z,2014-08-22T06:24Z,M1.2,N09E76,12149,GOES15: SEM/XRS 1.0-8.0,None
2014-08-24T12:00:00-FLR-001,2014-08-24T12:00Z,2014-08-24T12:17Z,2014-08-24T12:25Z,M5.9,S07E64,12151,GOES15: SEM/XRS 1.0-8.0,None
2014-08-25T14:46:00-FLR-001,2014-08-25T14:46Z,2014-08-25T15:10Z,2014-08-25T15:11Z,M2.0,N06W39,12146,GOES15: SEM/XRS 1.0-8.0,2014-08-25T15:36:00-CME-001
2014-08-25T20:06:00-FLR-001,2014-08-25T20:06Z,2014-08-25T20:21Z,2014-08-25T20:29Z,M3.9,N07W43,12146,GOES15: SEM/XRS 1.0-8.0,2014-08-25T21:24:00-CME-001
2014-09-03T13:20:00-FLR-001,2014-09-03T13:20Z,2014-09-03T13:53Z,2014-09-03T13:54Z,M2.5,S15E87,12159,GOES15: SEM/XRS 1.0-8.0,2014-09-03T14:12:00-CME-001
2014-09-06T16:50:00-FLR-001,2014-09-06T16:50Z,2014-09-06T17:09Z,2014-09-06T17:22Z,M1.1,S15E52,12157,GOES15: SEM/XRS 1.0-8.0,None
2014-09-08T23:12:00-FLR-001,2014-09-08T23:12Z,2014-09-09T00:28Z,2014-09-09T01:30Z,M4.6,N14E31,12158,GOES15: SEM/XRS 1.0-8.0,2014-09-09T00:16:00-CME-001
2014-09-10T17:21:00-FLR-001,2014-09-10T17:21Z,2014-09-10T17:45Z,2014-09-10T18:20Z,X1.6,N15E05,12158,GOES15: SEM/XRS 1.0-8.0;,2014-09-10T18:18:00-CME-001;2014-09-11T02:40:00-SEP-001;2014-09-11T04:25:00-SEP-001;
2014-09-11T15:20:00-FLR-001,2014-09-11T15:20Z,2014-09-11T15:25Z,2014-09-11T15:31Z,M2.1,N15E88,,GOES15: SEM/XRS 1.0-8.0,None
2014-09-11T21:24:00-FLR-001,2014-09-11T21:24Z,2014-09-11T21:26Z,2014-09-11T21:30Z,M1.4,N14E88,,GOES15: SEM/XRS 1.0-8.0,None
2014-09-14T02:03:00-FLR-001,2014-09-14T02:03Z,2014-09-14T02:16Z,2014-09-14T02:36Z,M1.5,S14W49,12157,GOES15: SEM/XRS 1.0-8.0,2014-09-14T03:12:00-CME-001
2014-09-18T08:37:00-FLR-001,2014-09-18T08:37Z,2014-09-18T08:41Z,2014-09-18T08:53Z,M1.2,N04E69,12169,GOES15: SEM/XRS 1.0-8.0,None
2014-09-23T23:02:00-FLR-001,2014-09-23T23:02Z,2014-09-23T23:15Z,2014-09-23T23:28Z,M2.3,S30W35,12172,GOES15: SEM/XRS 1.0-8.0,2014-09-24T00:24:00-CME-001
2014-09-27T08:32:00-FLR-001,2014-09-27T08:32Z,2014-09-27T08:37Z,2014-09-27T08:40Z,M1.0,N2E90,12178,GOES15: SEM/XRS 1.0-8.0,None
2014-09-28T02:39:00-FLR-001,2014-09-28T02:39Z,2014-09-28T02:58Z,2014-09-28T03:19Z,M5.1,S11W17,12173,GOES15: SEM/XRS 1.0-8.0,2014-09-28T03:36:00-CME-001
2014-09-28T16:34:00-FLR-001,2014-09-28T16:34Z,2014-09-28T17:33Z,2014-09-28T18:00Z,M1.0,S17W40,12173,GOES15: SEM/XRS 1.0-8.0,None
2014-10-02T17:10:00-FLR-001,2014-10-02T17:10Z,2014-10-02T17:44Z,2014-10-02T18:15Z,M1.5,S09W79,12172,GOES15: SEM/XRS 1.0-8.0,None
2014-10-02T18:49:00-FLR-001,2014-10-02T18:49Z,2014-10-02T19:01Z,2014-10-02T19:14Z,M7.3,S14W88,12173,GOES15: SEM/XRS 1.0-8.0,2014-10-02T19:24:00-CME-001
2014-10-09T01:30:00-FLR-001,2014-10-09T01:30Z,2014-10-09T01:43Z,2014-10-09T01:47Z,M1.3,S16W44,12182,GOES15: SEM/XRS 1.0-8.0,None
2014-10-09T01:54:00-FLR-001,2014-10-09T01:54Z,2014-10-09T01:58Z,2014-10-09T02:02Z,M1.4,S16W45,12182,GOES15: SEM/XRS 1.0-8.0,None
2014-10-09T06:48:00-FLR-001,2014-10-09T06:48Z,2014-10-09T06:59Z,2014-10-09T07:06Z,M1.2,S16W48,12182,GOES15: SEM/XRS 1.0-8.0,None
2014-10-10T15:42:00-FLR-001,2014-10-10T15:42Z,2014-10-10T16:47Z,2014-10-10T18:21Z,C3.0,S14W68,12182,GOES15: SEM/XRS 1.0-8.0,2014-10-10T16:31:00-CME-001
2014-10-14T18:21:00-FLR-001,2014-10-14T18:21Z,2014-10-14T18:37Z,2014-10-14T18:46Z,M1.1,S12E88,,GOES15: SEM/XRS 1.0-8.0,None
2014-10-14T19:07:00-FLR-001,2014-10-14T19:07Z,2014-10-14T21:21Z,2014-10-15T00:19Z,M2.2,S11E88,,GOES15: SEM/XRS 1.0-8.0;,2014-10-14T19:00:00-CME-001;2014-10-15T06:57:00-SEP-001;
2014-10-16T12:58:00-FLR-001,2014-10-16T12:58Z,2014-10-16T13:03Z,2014-10-16T13:05Z,M4.3,S13E88,12192,GOES15: SEM/XRS 1.0-8.0,2014-10-16T13:26:00-CME-001
2014-10-18T07:02:00-FLR-001,2014-10-18T07:02Z,2014-10-18T07:58Z,2014-10-18T08:49Z,M1.6,S14E82,12192,GOES15: SEM/XRS 1.0-8.0,None
2014-10-19T04:17:00-FLR-001,2014-10-19T04:17Z,2014-10-19T05:01Z,2014-10-19T05:48Z,X1.1,S14E74,12192,GOES15: SEM/XRS 1.0-8.0,None
2014-10-20T09:00:00-FLR-001,2014-10-20T09:00Z,2014-10-20T09:11Z,2014-10-20T09:20Z,M3.9,S16E42,12192,GOES15: SEM/XRS 1.0-8.0,None
2014-10-20T16:00:00-FLR-001,2014-10-20T16:00Z,2014-10-20T16:37Z,2014-10-20T16:55Z,M4.5,S14E39,12192,GOES15: SEM/XRS 1.0-8.0,None
2014-10-20T18:55:00-FLR-001,2014-10-20T18:55Z,2014-10-20T19:02Z,2014-10-20T19:04Z,M1.4,S15E46,12192,GOES15: SEM/XRS 1.0-8.0,None
2014-10-20T19:53:00-FLR-001,2014-10-20T19:53Z,2014-10-20T20:04Z,2014-10-20T20:13Z,M1.7,S13E31,12192,GOES15: SEM/XRS 1.0-8.0,None
2014-10-20T22:43:00-FLR-001,2014-10-20T22:43Z,2014-10-20T22:55Z,2014-10-20T23:13Z,M1.2,S14E36,12192,GOES15: SEM/XRS 1.0-8.0,None
2014-10-21T13:35:00-FLR-001,2014-10-21T13:35Z,2014-10-21T13:38Z,2014-10-21T13:40Z,M1.2,S14E35,12192,GOES15: SEM/XRS 1.0-8.0,None
2014-10-22T01:16:00-FLR-001,2014-10-22T01:16Z,2014-10-22T01:59Z,2014-10-22T02:28Z,M8.7,S13E16,12192,GOES15: SEM/XRS 1.0-8.0,None
2014-10-22T05:11:00-FLR-001,2014-10-22T05:11Z,2014-10-22T05:17Z,2014-10-22T05:21Z,M2.7,S15E14,12192,GOES15: SEM/XRS 1.0-8.0,None
2014-10-22T14:02:00-FLR-001,2014-10-22T14:02Z,2014-10-22T14:28Z,2014-10-22T14:50Z,X1.6,S14E12,12192,GOES15: SEM/XRS 1.0-8.0,None
2014-10-22T15:51:00-FLR-001,2014-10-22T15:51Z,2014-10-22T15:57Z,2014-10-22T16:03Z,M1.4,S11E90,,GOES15: SEM/XRS 1.0-8.0,None
2014-10-23T09:44:00-FLR-001,2014-10-23T09:44Z,2014-10-23T09:50Z,2014-10-23T09:56Z,M1.1,S12W01,12192,GOES15: SEM/XRS 1.0-8.0,None
2014-10-24T07:37:00-FLR-001,2014-10-24T07:37Z,2014-10-24T07:48Z,2014-10-24T07:53Z,M4.0,S19W05,12192,GOES15: SEM/XRS 1.0-8.0,2014-10-24T08:12:00-CME-001
2014-10-24T21:07:00-FLR-001,2014-10-24T21:07Z,2014-10-24T21:41Z,2014-10-24T22:13Z,X3.1,S23W22,12192,GOES15: SEM/XRS 1.0-8.0,None
2014-10-25T16:55:00-FLR-001,2014-10-25T16:55Z,2014-10-25T17:08Z,2014-10-25T18:11Z,X1.0,S12W30,12192,GOES15: SEM/XRS 1.0-8.0,None
2014-10-26T10:04:00-FLR-001,2014-10-26T10:04Z,2014-10-26T10:56Z,2014-10-26T11:18Z,X2.0,S12W40,12192,GOES15: SEM/XRS 1.0-8.0,None
2014-10-26T17:08:00-FLR-001,2014-10-26T17:08Z,2014-10-26T17:17Z,2014-10-26T17:30Z,M1.0,S13W38,12192,GOES15: SEM/XRS 1.0-8.0,None
2014-10-26T18:07:00-FLR-001,2014-10-26T18:07Z,2014-10-26T18:15Z,2014-10-26T18:20Z,M4.2,S14W37,12192,GOES15: SEM/XRS 1.0-8.0,None
2014-10-26T18:43:00-FLR-001,2014-10-26T18:43Z,2014-10-26T18:49Z,2014-10-26T18:56Z,M1.9,S13W38,12192,GOES15: SEM/XRS 1.0-8.0,None
2014-10-26T19:59:00-FLR-001,2014-10-26T19:59Z,2014-10-26T20:21Z,2014-10-26T20:45Z,M2.4,S15W45,12192,GOES15: SEM/XRS 1.0-8.0,None
2014-10-27T00:06:00-FLR-001,2014-10-27T00:06Z,2014-10-27T00:34Z,2014-10-27T00:44Z,M7.1,S12W47,12192,GOES15: SEM/XRS 1.0-8.0,None
2014-10-27T01:44:00-FLR-001,2014-10-27T01:44Z,2014-10-27T02:02Z,2014-10-27T02:11Z,M1.0,S13W45,12192,GOES15: SEM/XRS 1.0-8.0,None
2014-10-27T03:35:00-FLR-001,2014-10-27T03:35Z,2014-10-27T03:41Z,2014-10-27T03:48Z,M1.3,S13W45,12192,GOES15: SEM/XRS 1.0-8.0,None
2014-10-27T09:59:00-FLR-001,2014-10-27T09:59Z,2014-10-27T10:09Z,2014-10-27T10:26Z,M6.7,S12W52,12192,GOES15: SEM/XRS 1.0-8.0,None
2014-10-27T14:12:00-FLR-001,2014-10-27T14:12Z,2014-10-27T14:47Z,2014-10-27T15:09Z,X2.0,S12W53,12192,GOES15: SEM/XRS 1.0-8.0,None
2014-10-27T17:33:00-FLR-001,2014-10-27T17:33Z,2014-10-27T17:40Z,2014-10-27T17:47Z,M1.4,S12W56,12192,GOES15: SEM/XRS 1.0-8.0,None
2014-10-28T02:15:00-FLR-001,2014-10-28T02:15Z,2014-10-28T02:42Z,2014-10-28T03:08Z,M3.4,S14W61,12192,GOES15: SEM/XRS 1.0-8.0,None
2014-10-28T03:23:00-FLR-001,2014-10-28T03:23Z,2014-10-28T03:32Z,2014-10-28T03:41Z,M6.6,S14W61,12192,GOES15: SEM/XRS 1.0-8.0,None
2014-10-28T13:54:00-FLR-001,2014-10-28T13:54Z,2014-10-28T14:06Z,2014-10-28T14:23Z,M1.6,S18W72,12192,GOES15: SEM/XRS 1.0-8.0,None
2014-10-29T06:03:00-FLR-001,2014-10-29T06:03Z,2014-10-29T08:20Z,2014-10-29T08:52Z,M1.0,S13W75,12192,GOES15: SEM/XRS 1.0-8.0,None
2014-10-29T09:54:00-FLR-001,2014-10-29T09:54Z,2014-10-29T10:01Z,2014-10-29T10:06Z,M1.2,S13W75,12192,GOES15: SEM/XRS 1.0-8.0,None
2014-10-29T14:24:00-FLR-001,2014-10-29T14:24Z,2014-10-29T14:33Z,2014-10-29T14:51Z,M1.4,S16W81,12192,GOES15: SEM/XRS 1.0-8.0,None
2014-10-29T16:06:00-FLR-001,2014-10-29T16:06Z,2014-10-29T16:20Z,2014-10-29T16:33Z,M1.0,S16W81,12192,GOES15: SEM/XRS 1.0-8.0,None
2014-10-29T18:47:00-FLR-001,2014-10-29T18:47Z,2014-10-29T18:50Z,2014-10-29T18:52Z,M1.3,S16W81,12192,GOES15: SEM/XRS 1.0-8.0,None
2014-10-29T21:18:00-FLR-001,2014-10-29T21:18Z,2014-10-29T21:22Z,2014-10-29T21:25Z,M2.3,S16W81,12192,GOES15: SEM/XRS 1.0-8.0,None
2014-10-30T00:34:00-FLR-001,2014-10-30T00:34Z,2014-10-30T00:37Z,2014-10-30T00:40Z,M1.3,S14W90,12192,GOES15: SEM/XRS 1.0-8.0,None
2014-10-30T01:19:00-FLR-001,2014-10-30T01:19Z,2014-10-30T01:35Z,2014-10-30T01:56Z,M3.5,S14W90,12192,GOES15: SEM/XRS 1.0-8.0,None
2014-10-30T04:17:00-FLR-001,2014-10-30T04:17Z,2014-10-30T04:28Z,2014-10-30T04:36Z,M1.2,S12W90,12192,GOES15: SEM/XRS 1.0-8.0,None
2014-11-03T11:23:00-FLR-001,2014-11-03T11:23Z,2014-11-03T11:53Z,2014-11-03T12:17Z,M2.2,N17E89,12205,GOES15: SEM/XRS 1.0-8.0,2014-11-03T12:12:00-CME-001
2014-11-03T22:15:00-FLR-001,2014-11-03T22:15Z,2014-11-03T22:40Z,2014-11-03T22:53Z,M6.5,N18E90,12205,GOES15: SEM/XRS 1.0-8.0,2014-11-03T23:12:00-CME-001
2014-11-04T07:59:00-FLR-001,2014-11-04T07:59Z,2014-11-04T08:38Z,2014-11-04T08:51Z,M2.6,N14E89,12205,GOES15: SEM/XRS 1.0-8.0,2014-11-04T09:12:00-CME-001
2014-11-04T08:52:00-FLR-001,2014-11-04T08:52Z,2014-11-04T09:04Z,2014-11-04T09:13Z,M2.3,N13E89,12205,GOES15: SEM/XRS 1.0-8.0,2014-11-04T09:12:00-CME-001
2014-11-05T09:26:00-FLR-001,2014-11-05T09:26Z,2014-11-05T09:47Z,2014-11-05T09:55Z,M7.9,N16E63,12205,GOES15: SEM/XRS 1.0-8.0,2014-11-05T10:12:00-CME-001
2014-11-05T18:50:00-FLR-001,2014-11-05T18:50Z,2014-11-05T19:44Z,2014-11-05T20:15Z,M2.9,N16E69,12205,GOES15: SEM/XRS 1.0-8.0,2014-11-05T20:00:00-CME-001
2014-11-06T01:29:00-FLR-001,2014-11-06T01:29Z,2014-11-06T01:39Z,2014-11-06T01:54Z,M3.2,N16E70,12205,GOES15: SEM/XRS 1.0-8.0,None
2014-11-06T03:32:00-FLR-001,2014-11-06T03:32Z,2014-11-06T03:46Z,2014-11-06T04:02Z,M5.4,N16E53,12205,GOES15: SEM/XRS 1.0-8.0,2014-11-06T04:00:00-CME-001
2014-11-06T21:53:00-FLR-001,2014-11-06T21:53Z,2014-11-06T22:16Z,2014-11-06T22:34Z,M2.5,N14E45,12205,GOES15: SEM/XRS 1.0-8.0,None
2014-11-07T02:05:00-FLR-001,2014-11-07T02:05Z,2014-11-07T02:44Z,2014-11-07T03:32Z,M2.7,N17E45,12205,GOES15: SEM/XRS 1.0-8.0,None
2014-11-07T04:12:00-FLR-001,2014-11-07T04:12Z,2014-11-07T04:25Z,2014-11-07T04:38Z,M2.0,N17E45,12205,GOES15: SEM/XRS 1.0-8.0,2014-11-07T04:17:00-CME-001
2014-11-07T10:13:00-FLR-001,2014-11-07T10:13Z,2014-11-07T10:22Z,2014-11-07T10:30Z,M1.0,N17E42,12205,GOES15: SEM/XRS 1.0-8.0,None
2014-11-07T16:53:00-FLR-001,2014-11-07T16:53Z,2014-11-07T17:26Z,2014-11-07T17:34Z,X1.6,N15E35,12205,GOES15: SEM/XRS 1.0-8.0,2014-11-07T18:08:00-CME-001
2014-11-09T15:24:00-FLR-001,2014-11-09T15:24Z,2014-11-09T15:32Z,2014-11-09T15:38Z,M2.3,N14E11,12205,GOES15: SEM/XRS 1.0-8.0,None
2014-11-15T11:40:00-FLR-001,2014-11-15T11:40Z,2014-11-15T12:03Z,2014-11-15T12:10Z,M3.2,S09E63,12209,GOES15: SEM/XRS 1.0-8.0,None
2014-11-15T20:38:00-FLR-001,2014-11-15T20:38Z,2014-11-15T20:46Z,2014-11-15T20:50Z,M3.7,S15E44,12209,GOES15: SEM/XRS 1.0-8.0,2014-11-15T21:12:00-CME-001
2014-11-16T17:35:00-FLR-001,2014-11-16T17:35Z,2014-11-16T17:48Z,2014-11-16T17:57Z,M5.7,S12E46,12209,GOES15: SEM/XRS 1.0-8.0,None
2014-12-01T06:26:00-FLR-001,2014-12-01T06:26Z,2014-12-01T06:41Z,2014-12-01T06:59Z,M1.8,S22E17,12222,GOES15: SEM/XRS 1.0-8.0,None
2014-12-04T08:00:00-FLR-001,2014-12-04T08:00Z,2014-12-04T08:10Z,2014-12-04T08:21Z,M1.3,S20W26,12222,GOES15: SEM/XRS 1.0-8.0,None
2014-12-04T18:05:00-FLR-001,2014-12-04T18:05Z,2014-12-04T18:25Z,2014-12-04T18:56Z,M6.1,S20W32,12222,GOES15: SEM/XRS 1.0-8.0,None
2014-12-04T19:38:00-FLR-001,2014-12-04T19:38Z,2014-12-04T19:41Z,2014-12-04T19:44Z,M1.3,S20W32,12222,GOES15: SEM/XRS 1.0-8.0,None
2014-12-05T11:33:00-FLR-001,2014-12-05T11:33Z,2014-12-05T12:25Z,2014-12-05T12:47Z,M1.5,S23W41,12222,GOES15: SEM/XRS 1.0-8.0,None
2014-12-13T05:13:00-FLR-001,2014-12-13T05:13Z,2014-12-13T05:20Z,2014-12-13T05:25Z,M1.5,S09E84,,GOES15: SEM/XRS 1.0-8.0,None
2014-12-14T19:25:00-FLR-001,2014-12-14T19:25Z,2014-12-14T19:33Z,2014-12-14T19:39Z,M1.6,S20E44,,GOES15: SEM/XRS 1.0-8.0,None
2014-12-17T00:57:00-FLR-001,2014-12-17T00:57Z,2014-12-17T01:10Z,2014-12-17T01:20Z,M1.5,S20E08,12242,GOES15: SEM/XRS 1.0-8.0,None
2014-12-17T01:41:00-FLR-001,2014-12-17T01:41Z,2014-12-17T01:50Z,2014-12-17T01:57Z,M1.1,S11E37,12241,GOES15: SEM/XRS 1.0-8.0,2014-12-17T02:00:00-CME-001
2014-12-17T04:25:00-FLR-001,2014-12-17T04:25Z,2014-12-17T04:51Z,2014-12-17T05:20Z,M8.7,S18E08,12242,GOES15: SEM/XRS 1.0-8.0,2014-12-17T05:00:00-CME-001
2014-12-17T18:54:00-FLR-001,2014-12-17T18:54Z,2014-12-17T19:01Z,2014-12-17T19:20Z,M1.4,S10E23,12241,GOES15: SEM/XRS 1.0-8.0,None
2014-12-18T21:41:00-FLR-001,2014-12-18T21:41Z,2014-12-18T21:58Z,2014-12-18T22:25Z,M6.9,S11E10,12241,GOES15: SEM/XRS 1.0-8.0,2014-12-19T00:27:00-CME-001
2014-12-19T09:33:00-FLR-001,2014-12-19T09:33Z,2014-12-19T09:44Z,2014-12-19T09:54Z,M1.3,S13W40,12237,GOES15: SEM/XRS 1.0-8.0,None
2014-12-20T00:11:00-FLR-001,2014-12-20T00:11Z,2014-12-20T00:24Z,2014-12-20T00:55Z,X1.8,S19W28,12242,GOES15: SEM/XRS 1.0-8.0,2014-12-20T01:25:00-CME-001
2014-12-21T07:18:00-FLR-001,2014-12-21T07:18Z,2014-12-21T07:32Z,2014-12-21T07:51Z,M1.2,S19W49,12242,GOES15: SEM/XRS 1.0-8.0,None
2014-12-21T11:24:00-FLR-001,2014-12-21T11:24Z,2014-12-21T12:17Z,2014-12-21T12:57Z,M1.0,S11W28,12241,GOES15: SEM/XRS 1.0-8.0,None
2014-12-22T01:33:00-FLR-001,2014-12-22T01:33Z,2014-12-22T01:49Z,2014-12-22T01:59Z,M1.0,S18W60,12242,GOES15: SEM/XRS 1.0-8.0,None
2014-12-27T02:03:00-FLR-001,2014-12-27T02:03Z,2014-12-27T02:16Z,2014-12-27T02:24Z,M2.2,S10W48,12249,GOES15: SEM/XRS 1.0-8.0,None
2015-01-03T09:43:00-FLR-001,2015-01-03T09:43Z,2015-01-03T09:47Z,2015-01-03T09:50Z,M1.1,S05E15,12253,GOES15: SEM/XRS 1.0-8.0,None
2015-01-04T15:18:00-FLR-001,2015-01-04T15:18Z,2015-01-04T15:36Z,2015-01-04T15:53Z,M1.3,S05E01,12253,GOES15: SEM/XRS 1.0-8.0,None
2015-01-13T04:13:00-FLR-001,2015-01-13T04:13Z,2015-01-13T04:24Z,2015-01-13T04:38Z,M5.6,N07W69,12257,GOES15: SEM/XRS 1.0-8.0,2015-01-13T05:24:00-CME-001
2015-01-13T04:45:00-FLR-001,2015-01-13T04:45Z,2015-01-13T04:58Z,2015-01-13T05:10Z,M4.9,N07W71,12257,GOES15: SEM/XRS 1.0-8.0,None
2015-01-14T12:48:00-FLR-001,2015-01-14T12:48Z,2015-01-14T12:57Z,2015-01-14T13:08Z,M2.2,N07W90,12257,GOES15: SEM/XRS 1.0-8.0,None
2015-01-22T04:45:00-FLR-001,2015-01-22T04:45Z,2015-01-22T04:52Z,2015-01-22T05:02Z,M1.4,S10E89,,GOES15: SEM/XRS 1.0-8.0,None
2015-01-26T16:46:00-FLR-001,2015-01-26T16:46Z,2015-01-26T16:53Z,2015-01-26T16:58Z,M1.1,S09E32,12268,GOES15: SEM/XRS 1.0-8.0,None
2015-01-28T04:21:00-FLR-001,2015-01-28T04:21Z,2015-01-28T04:41Z,2015-01-28T04:55Z,M1.4,S10E07,12268,GOES15: SEM/XRS 1.0-8.0,None
2015-01-28T21:32:00-FLR-001,2015-01-28T21:32Z,2015-01-28T21:37Z,2015-01-28T21:40Z,M1.0,N07E74,12277,GOES15: SEM/XRS 1.0-8.0,None
2015-01-29T11:32:00-FLR-001,2015-01-29T11:32Z,2015-01-29T11:42Z,2015-01-29T11:52Z,M2.1,S12W09,12268,GOES15: SEM/XRS 1.0-8.0,None
2015-01-30T00:32:00-FLR-001,2015-01-30T00:32Z,2015-01-30T00:44Z,2015-01-30T00:44Z,M2.0,S13W16,12268,GOES15: SEM/XRS 1.0-8.0,None
2015-01-30T05:29:00-FLR-001,2015-01-30T05:29Z,2015-01-30T05:36Z,2015-01-30T06:35Z,M1.7,S12W19,12268,GOES15: SEM/XRS 1.0-8.0,None
2015-01-30T12:10:00-FLR-001,2015-01-30T12:10Z,2015-01-30T12:16Z,2015-01-30T12:21Z,M2.4,N07E52,12277,GOES15: SEM/XRS 1.0-8.0,None
2015-02-04T02:10:00-FLR-001,2015-02-04T02:10Z,2015-02-04T02:15Z,2015-02-04T02:21Z,M1.2,N9W11,12277,GOES15: SEM/XRS 1.0-8.0,None
2015-02-09T22:59:00-FLR-001,2015-02-09T22:59Z,2015-02-09T23:35Z,2015-02-10T00:12Z,M2.4,N15E52,12282,GOES15: SEM/XRS 1.0-8.0,2015-02-09T23:24:00-CME-001
2015-02-12T02:00:00-FLR-001,2015-02-12T02:00Z,2015-02-12T02:12Z,2015-02-12T02:45Z,C6.0,S7W69,12280,GOES15: SEM/XRS 1.0-8.0,None
2015-02-24T09:54:00-FLR-001,2015-02-24T09:54Z,2015-02-24T10:57Z,2015-02-24T11:53Z,C1.4,S21E90,,GOES15: SEM/XRS 1.0-8.0,2015-02-24T10:12:00-CME-001
2015-02-28T08:58:00-FLR-001,2015-02-28T08:58Z,2015-02-28T09:39Z,2015-02-28T10:07Z,C5.6,S15W19,12294,GOES15: SEM/XRS 1.0-8.0,None
2015-03-02T06:31:00-FLR-001,2015-03-02T06:31Z,2015-03-02T06:39Z,2015-03-02T06:44Z,M1.0,N22W86,12290,GOES15: SEM/XRS 1.0-8.0,None
2015-03-02T09:37:00-FLR-001,2015-03-02T09:37Z,2015-03-02T09:48Z,2015-03-02T09:58Z,M1.1,N20W86,12290,GOES15: SEM/XRS 1.0-8.0,None
2015-03-02T15:10:00-FLR-001,2015-03-02T15:10Z,2015-03-02T15:28Z,2015-03-02T15:37Z,M3.7,N21W86,12290,GOES15: SEM/XRS 1.0-8.0,None
2015-03-02T19:21:00-FLR-001,2015-03-02T19:21Z,2015-03-02T19:31Z,2015-03-02T19:36Z,M4.1,N19W87,12290,GOES15: SEM/XRS 1.0-8.0,None
2015-03-03T01:25:00-FLR-001,2015-03-03T01:25Z,2015-03-03T01:35Z,2015-03-03T01:42Z,M8.2,N20W86,12290,GOES15: SEM/XRS 1.0-8.0,None
2015-03-05T17:06:00-FLR-001,2015-03-05T17:06Z,2015-03-05T18:11Z,2015-03-05T18:26Z,M1.2,S14E90,,GOES15: SEM/XRS 1.0-8.0,2015-03-06T19:20:00-SEP-001
2015-03-06T04:14:00-FLR-001,2015-03-06T04:14Z,2015-03-06T04:57Z,2015-03-06T05:27Z,M3.0,S20E90,,GOES15: SEM/XRS 1.0-8.0;,2015-03-06T04:49:00-CME-001;2015-03-06T19:20:00-SEP-001;
2015-03-06T06:55:00-FLR-001,2015-03-06T06:55Z,2015-03-06T08:15Z,2015-03-06T08:28Z,M1.5,S20E90,,GOES15: SEM/XRS 1.0-8.0,2015-03-06T07:12:00-CME-001
2015-03-07T21:45:00-FLR-001,2015-03-07T21:45Z,2015-03-07T22:22Z,2015-03-07T22:58Z,M9.2,S20E78,12297,GOES15: SEM/XRS 1.0-8.0,2015-03-07T22:24:00-CME-001
2015-03-09T14:22:00-FLR-001,2015-03-09T14:22Z,2015-03-09T14:33Z,2015-03-09T14:37Z,M4.5,S16E48,12297,GOES15: SEM/XRS 1.0-8.0,None
2015-03-09T23:29:00-FLR-001,2015-03-09T23:29Z,2015-03-09T23:53Z,2015-03-10T00:12Z,M5.8,S17E39,12297,GOES15: SEM/XRS 1.0-8.0,2015-03-10T00:00:00-CME-001
2015-03-10T03:19:00-FLR-001,2015-03-10T03:19Z,2015-03-10T03:24Z,2015-03-10T03:28Z,M5.1,S16E38,12297,GOES15: SEM/XRS 1.0-8.0,2015-03-10T03:36:00-CME-001
2015-03-10T23:46:00-FLR-001,2015-03-10T23:46Z,2015-03-11T00:02Z,2015-03-11T00:06Z,M2.9,S15E28,12297,GOES15: SEM/XRS 1.0-8.0,None
2015-03-11T07:10:00-FLR-001,2015-03-11T07:10Z,2015-03-11T07:18Z,2015-03-11T07:43Z,M1.8,S16E26,12297,GOES15: SEM/XRS 1.0-8.0,None
2015-03-11T07:51:00-FLR-001,2015-03-11T07:51Z,2015-03-11T07:57Z,2015-03-11T08:03Z,M2.6,S16E26,12297,GOES15: SEM/XRS 1.0-8.0,None
2015-03-11T16:11:00-FLR-001,2015-03-11T16:11Z,2015-03-11T16:22Z,2015-03-11T16:29Z,X2.2,S16E26,12297,GOES15: SEM/XRS 1.0-8.0,2015-03-11T18:00:00-CME-001
2015-03-11T18:37:00-FLR-001,2015-03-11T18:37Z,2015-03-11T18:51Z,2015-03-11T18:57Z,M1.0,S16E18,12297,GOES15: SEM/XRS 1.0-8.0,None
2015-03-12T04:41:00-FLR-001,2015-03-12T04:41Z,2015-03-12T04:46Z,2015-03-12T04:50Z,M3.2,S15E11,12297,GOES15: SEM/XRS 1.0-8.0,None
2015-03-12T11:38:00-FLR-001,2015-03-12T11:38Z,2015-03-12T11:50Z,2015-03-12T12:02Z,M1.6,S17E11,12297,GOES15: SEM/XRS 1.0-8.0,None
2015-03-12T12:09:00-FLR-001,2015-03-12T12:09Z,2015-03-12T12:14Z,2015-03-12T12:18Z,M1.4,S18E05,12297,GOES15: SEM/XRS 1.0-8.0,None
2015-03-12T13:50:00-FLR-001,2015-03-12T13:50Z,2015-03-12T14:08Z,2015-03-12T14:13Z,M4.2,S14E06,12297,GOES15: SEM/XRS 1.0-8.0,None
2015-03-12T21:44:00-FLR-001,2015-03-12T21:44Z,2015-03-12T21:51Z,2015-03-12T21:56Z,M2.7,S15E01,12297,GOES15: SEM/XRS 1.0-8.0,None
2015-03-13T03:47:00-FLR-001,2015-03-13T03:47Z,2015-03-13T04:01Z,2015-03-13T04:16Z,M1.2,S17E04,12297,GOES15: SEM/XRS 1.0-8.0,None
2015-03-13T05:49:00-FLR-001,2015-03-13T05:49Z,2015-03-13T06:07Z,2015-03-13T06:12Z,M1.8,S14W02,12297,GOES15: SEM/XRS 1.0-8.0,None
2015-03-14T04:23:00-FLR-001,2015-03-14T04:23Z,2015-03-14T04:40Z,2015-03-14T04:54Z,M1.3,S15W13,12297,GOES15: SEM/XRS 1.0-8.0,None
2015-03-15T01:15:00-FLR-001,2015-03-15T01:15Z,2015-03-15T02:13Z,2015-03-15T02:13Z,C9.1,S22W29,12297,GOES15: SEM/XRS 1.0-8.0;,2015-03-15T02:00:00-CME-001;2015-03-16T07:36:00-SEP-001;
2015-03-15T09:36:00-FLR-001,2015-03-15T09:36Z,2015-03-15T09:40Z,2015-03-15T09:46Z,M1.0,S18W24,12297,GOES15: SEM/XRS 1.0-8.0,None
2015-03-15T22:42:00-FLR-001,2015-03-15T22:42Z,2015-03-15T23:22Z,2015-03-15T23:38Z,M1.2,S19W32,12297,GOES15: SEM/XRS 1.0-8.0,None
2015-03-16T10:39:00-FLR-001,2015-03-16T10:39Z,2015-03-16T10:58Z,2015-03-16T11:17Z,M1.6,S17W38,12297,GOES15: SEM/XRS 1.0-8.0,None
2015-03-17T22:49:00-FLR-001,2015-03-17T22:49Z,2015-03-17T23:34Z,2015-03-17T23:48Z,M1.0,S17W64,12297,GOES15: SEM/XRS 1.0-8.0,2015-03-18T00:12:00-CME-001
2015-04-08T14:37:00-FLR-001,2015-04-08T14:37Z,2015-04-08T14:43Z,2015-04-08T14:47Z,M1.4,S13W4,12320,GOES15: SEM/XRS 1.0-8.0,None
2015-04-12T08:51:00-FLR-001,2015-04-12T08:51Z,2015-04-12T09:50Z,2015-04-12T10:44Z,M1.1,N11E78,12321,GOES15: SEM/XRS 1.0-8.0,2015-04-12T10:00:00-CME-001
2015-04-18T14:03:00-FLR-001,2015-04-18T14:03Z,2015-04-18T14:19Z,2015-04-18T14:39Z,C5.2,N11W24,12321,GOES15: SEM/XRS 1.0-8.0,2015-04-18T15:12:00-CME-001
2015-04-21T07:08:00-FLR-001,2015-04-21T07:08Z,2015-04-21T07:21Z,2015-04-21T07:27Z,M1.0,N09W80,12322,GOES15: SEM/XRS 1.0-8.0,None
2015-04-21T10:17:00-FLR-001,2015-04-21T10:17Z,2015-04-21T10:40Z,2015-04-21T10:59Z,M2.2,N16E80,,GOES15: SEM/XRS 1.0-8.0,2015-04-21T10:36:00-CME-001
2015-04-21T11:49:00-FLR-001,2015-04-21T11:49Z,2015-04-21T11:57Z,2015-04-21T12:02Z,M2.2,N09W84,12322,GOES15: SEM/XRS 1.0-8.0,None
2015-04-21T15:24:00-FLR-001,2015-04-21T15:24Z,2015-04-21T15:45Z,2015-04-21T15:51Z,M4.0,N10W80,12322,GOES15: SEM/XRS 1.0-8.0,None
2015-04-21T16:55:00-FLR-001,2015-04-21T16:55Z,2015-04-21T17:00Z,2015-04-21T17:09Z,M2.1,N10W80,12322,GOES15: SEM/XRS 1.0-8.0,None
2015-04-21T21:39:00-FLR-001,2015-04-21T21:39Z,2015-04-21T21:45Z,2015-04-21T21:55Z,M1.8,N10W80,12322,GOES15: SEM/XRS 1.0-8.0,None
2015-04-21T21:58:00-FLR-001,2015-04-21T21:58Z,2015-04-21T22:01Z,2015-04-21T22:04Z,M1.2,N09W80,12322,GOES15: SEM/XRS 1.0-8.0,None
2015-04-22T08:30:00-FLR-001,2015-04-22T08:30Z,2015-04-22T08:44Z,2015-04-22T08:58Z,M1.1,N11W91,12322,GOES15: SEM/XRS 1.0-8.0,None
2015-04-23T09:18:00-FLR-001,2015-04-23T09:18Z,2015-04-23T10:07Z,2015-04-23T10:07Z,M1.1,N07W80,12321,GOES15: SEM/XRS 1.0-8.0,2015-04-23T09:36:00-CME-001
2015-05-05T09:42:00-FLR-001,2015-05-05T09:42Z,2015-05-05T09:47Z,2015-05-05T09:51Z,M1.9,N14E82,12339,GOES15: SEM/XRS 1.0-8.0,None
2015-05-05T13:45:00-FLR-001,2015-05-05T13:45Z,2015-05-05T13:53Z,2015-05-05T13:56Z,M1.2,N14E82,12339,GOES15: SEM/XRS 1.0-8.0,None
2015-05-05T14:19:00-FLR-001,2015-05-05T14:19Z,2015-05-05T14:25Z,2015-05-05T14:32Z,M1.3,S16E17,12335,GOES15: SEM/XRS 1.0-8.0,None
2015-05-05T17:12:00-FLR-001,2015-05-05T17:12Z,2015-05-05T17:24Z,2015-05-05T17:30Z,M2.6,S16E15,12335,GOES15: SEM/XRS 1.0-8.0,None
2015-05-05T22:05:00-FLR-001,2015-05-05T22:05Z,2015-05-05T22:11Z,2015-05-05T22:15Z,X2.7,N15E79,12339,GOES15: SEM/XRS 1.0-8.0,2015-05-05T22:24:00-CME-001
2015-05-06T11:45:00-FLR-001,2015-05-06T11:45Z,2015-05-06T11:49Z,2015-05-06T11:51Z,M1.9,N12E63,12339,GOES15: SEM/XRS 1.0-8.0,None
2015-05-12T02:15:00-FLR-001,2015-05-12T02:15Z,2015-05-12T03:22Z,2015-05-12T03:42Z,C2.6,S21W83,12335,GOES15: SEM/XRS 1.0-8.0,2015-05-12T02:48:00-CME-001
2015-05-13T18:09:00-FLR-001,2015-05-13T18:09Z,2015-05-13T18:18Z,2015-05-13T18:38Z,C9.2,N12W17,12345,GOES15: SEM/XRS 1.0-8.0,2015-05-13T18:48:00-CME-001
2015-06-09T03:40:00-FLR-001,2015-06-09T03:40Z,2015-06-09T03:53Z,2015-06-09T04:09Z,C5.8,N13W18,12360,GOES15: SEM/XRS 1.0-8.0,None
2015-06-09T19:55:00-FLR-001,2015-06-09T19:55Z,2015-06-09T20:06Z,2015-06-09T20:20Z,C2.8,S07E22,12364,GOES15: SEM/XRS 1.0-8.0,2015-06-09T20:00:00-CME-001
2015-06-11T08:50:00-FLR-001,2015-06-11T08:50Z,2015-06-11T08:55Z,2015-06-11T09:00Z,M1.0,S19E83,,GOES15: SEM/XRS 1.0-8.0,None
2015-06-13T07:20:00-FLR-001,2015-06-13T07:20Z,2015-06-13T07:29Z,2015-06-13T07:47Z,M1.3,N14W76,12360,GOES15: SEM/XRS 1.0-8.0,None
2015-06-14T00:52:00-FLR-001,2015-06-14T00:52Z,2015-06-14T00:59Z,2015-06-14T01:09Z,M2.0,N14W81,12360,GOES15: SEM/XRS 1.0-8.0,None
2015-06-18T00:34:00-FLR-001,2015-06-18T00:34Z,2015-06-18T01:27Z,2015-06-18T01:55Z,M1.2,S13W90,12365,GOES15: SEM/XRS 1.0-8.0;,2015-06-18T09:25:00-SEP-001;2015-06-18T15:30:00-SEP-001;
2015-06-18T16:33:00-FLR-001,2015-06-18T16:33Z,2015-06-18T17:36Z,2015-06-18T18:25Z,M3.0,N15E45,12371,GOES15: SEM/XRS 1.0-8.0,2015-06-18T17:24:00-CME-001
2015-06-20T06:28:00-FLR-001,2015-06-20T06:28Z,2016-06-20T06:48Z,2015-06-20T07:09Z,M1.0,N13E28,12371,GOES15: SEM/XRS 1.0-8.0,None
2015-06-21T01:02:00-FLR-001,2015-06-21T01:02Z,2015-06-21T01:42Z,2015-06-21T02:00Z,M2.0,N13E12,12371,GOES15: SEM/XRS 1.0-8.0;,2015-06-21T02:48:00-CME-001;2015-06-21T20:35:00-SEP-001;
2015-06-21T02:06:00-FLR-001,2015-06-21T02:06Z,2015-06-21T02:36Z,2015-06-21T03:02Z,M2.6,N13E12,12371,GOES15: SEM/XRS 1.0-8.0;,2015-06-21T02:48:00-CME-001;2015-06-21T20:35:00-SEP-001;
2015-06-21T09:38:00-FLR-001,2015-06-21T09:38Z,2015-06-21T09:44Z,2015-06-21T09:50Z,M3.8,S20W50,12367,GOES15: SEM/XRS 1.0-8.0,2015-06-21T20:35:00-SEP-001
2015-06-21T18:10:00-FLR-001,2015-06-21T18:10Z,2015-06-21T18:20Z,2015-06-21T18:28Z,M1.1,S20W50,12367,GOES15: SEM/XRS 1.0-8.0,2015-06-21T20:35:00-SEP-001
2015-06-22T17:39:00-FLR-001,2015-06-22T17:39Z,2015-06-22T18:23Z,2015-06-22T18:51Z,M6.5,N13W05,12371,GOES15: SEM/XRS 1.0-8.0,2015-06-22T18:36:00-CME-001
2015-06-24T15:14:00-FLR-001,2015-06-24T15:14Z,2015-06-24T15:29Z,2015-06-24T16:20Z,C5.6,N12W35,12371,GOES15: SEM/XRS 1.0-8.0,None
2015-06-25T08:02:00-FLR-001,2015-06-25T08:02Z,2015-06-25T08:16Z,2015-06-25T09:05Z,M7.9,N13W40,12371,GOES15: SEM/XRS 1.0-8.0;,2015-06-25T08:36:00-CME-001;2015-06-25T18:00:00-SEP-001;2015-06-26T01:20:00-SEP-001;
2015-06-29T17:58:00-FLR-001,2015-06-29T17:58Z,2015-06-29T18:07Z,2015-06-29T18:14Z,C2.4,N16E64,12373,GOES15: SEM/XRS 1.0-8.0,None
2015-07-03T12:47:00-FLR-001,2015-07-03T12:47Z,2015-07-03T12:51Z,2015-07-03T12:53Z,M1.5,S17E65,12378,GOES15: SEM/XRS 1.0-8.0,None
2015-07-06T08:24:00-FLR-001,2015-07-06T08:24Z,2015-07-06T08:44Z,2015-07-06T08:59Z,M1.0,N15E37,12381,GOES15: SEM/XRS 1.0-8.0,None
2015-07-06T20:32:00-FLR-001,2015-07-06T20:32Z,2015-07-06T20:40Z,2015-07-06T20:50Z,M1.7,N13E34,12381,GOES15: SEM/XRS 1.0-8.0,None
2015-07-19T09:22:00-FLR-001,2015-07-19T09:22Z,2015-07-19T10:40Z,2015-07-19T13:02Z,C2.1,S25W62,,GOES15: SEM/XRS 1.0-8.0,2015-07-19T09:48:00-CME-001
2015-08-20T05:05:00-FLR-001,2015-08-20T05:05Z,2015-08-20T05:27Z,2015-08-20T06:22Z,C3.4,S16E44,12403,GOES15: SEM/XRS 1.0-8.0,None
2015-08-21T01:56:00-FLR-001,2015-08-21T01:56Z,2015-08-21T02:18Z,2015-08-21T02:36Z,M1.2,S12E38,12403,GOES15: SEM/XRS 1.0-8.0,None
2015-08-21T09:34:00-FLR-001,2015-08-21T09:34Z,2015-08-21T09:48Z,2015-08-21T10:07Z,M1.4,S17E26,12403,GOES15: SEM/XRS 1.0-8.0,2015-08-21T10:24:00-CME-001
2015-08-21T19:10:00-FLR-001,2015-08-21T19:10Z,2015-08-21T20:34Z,2015-08-21T20:50Z,M1.1,S15E28,12403,GOES15: SEM/XRS 1.0-8.0,None
2015-08-22T06:39:00-FLR-001,2015-08-22T06:39Z,2015-08-22T06:49Z,2015-08-22T06:59Z,M1.2,S15E13,12403,GOES15: SEM/XRS 1.0-8.0,2015-08-22T07:24:00-CME-001
2015-08-22T13:17:00-FLR-001,2015-08-22T13:17Z,2015-08-22T13:23Z,2015-08-22T13:29Z,M2.2,S16E19,12304,GOES15: SEM/XRS 1.0-8.0,None
2015-08-22T21:19:00-FLR-001,2015-08-22T21:19Z,2015-08-22T21:24Z,2015-08-22T21:28Z,M3.5,S16E15,12304,GOES15: SEM/XRS 1.0-8.0,None
2015-08-24T07:26:00-FLR-001,2015-08-24T07:26Z,2015-08-24T07:33Z,2015-08-24T07:35Z,M5.6,S15W04,12403,GOES15: SEM/XRS 1.0-8.0,None
2015-08-24T17:40:00-FLR-001,2015-08-24T17:40Z,2015-08-24T17:46Z,2015-08-24T17:49Z,M1.0,S14W04,12403,GOES15: SEM/XRS 1.0-8.0,None
2015-08-27T04:48:00-FLR-001,2015-08-27T04:48Z,2015-08-27T05:44Z,2015-08-27T06:03Z,M2.9,S16W47,12403,GOES15: SEM/XRS 1.0-8.0,None
2015-08-28T13:04:00-FLR-001,2015-08-28T13:04Z,2015-08-28T13:16Z,2015-08-28T13:23Z,M2.2,S14W66,12403,GOES15: SEM/XRS 1.0-8.0,None
2015-08-28T18:56:00-FLR-001,2015-08-28T18:56Z,2015-08-28T19:03Z,2015-08-28T19:06Z,M2.1,S15W75,12403,GOES15: SEM/XRS 1.0-8.0,None
2015-08-30T02:01:00-FLR-001,2015-08-30T02:01Z,2015-08-30T03:30Z,2015-08-30T04:23Z,M1.4,S15W80,12403,GOES15: SEM/XRS 1.0-8.0,None
2015-09-11T21:30:00-FLR-001,2015-09-11T21:30Z,2015-09-11T21:37Z,,C1.3,S10W21,12414,GOES15: SEM/XRS 1.0-8.0,None
2015-09-20T04:55:00-FLR-001,2015-09-20T04:55Z,2015-09-20T05:03Z,2015-09-20T05:17Z,M1.5,N09E83,12415,GOES15: SEM/XRS 1.0-8.0,None
2015-09-20T17:32:00-FLR-001,2015-09-20T17:32Z,2015-09-20T18:03Z,2015-09-20T18:29Z,M2.1,S22W50,12415,GOES15: SEM/XRS 1.0-8.0,2015-09-20T18:12:00-CME-001
2015-09-27T10:20:00-FLR-001,2015-09-27T10:20Z,2015-09-27T10:40Z,2015-09-27T10:46Z,M1.9,S10W57,12423,GOES15: SEM/XRS 1.0-8.0,None
2015-09-27T20:54:00-FLR-001,2015-09-27T20:54Z,2015-09-27T21:00Z,2015-09-27T21:15Z,M1.0,S21W15,12422,GOES15: SEM/XRS 1.0-8.0,None
2015-09-28T03:45:00-FLR-001,2015-09-28T03:45Z,2015-09-28T03:55Z,2015-09-28T03:59Z,M3.6,S08W71,12423,GOES15: SEM/XRS 1.0-8.0,2015-09-28T05:12:00-CME-001
2015-09-28T07:27:00-FLR-001,2015-09-28T07:27Z,2015-09-28T07:34Z,2015-09-28T07:46Z,M1.1,S21W22,12422,GOES15: SEM/XRS 1.0-8.0,None
2015-09-28T13:01:00-FLR-001,2015-09-28T13:01Z,2015-09-28T13:18Z,2015-09-28T13:29Z,M1.1,S21W22,12422,GOES15: SEM/XRS 1.0-8.0,None
2015-09-28T14:53:00-FLR-001,2015-09-28T14:53Z,2015-09-28T14:58Z,2015-09-28T15:03Z,M7.6,S20W23,12422,GOES15: SEM/XRS 1.0-8.0,None
2015-09-29T03:11:00-FLR-001,2015-09-29T03:11Z,2015-09-29T03:16Z,2015-09-29T03:31Z,M1.2,S09W80,12423,GOES15: SEM/XRS 1.0-8.0,None
2015-09-29T03:41:00-FLR-001,2015-09-29T03:41Z,2015-09-29T03:43Z,2015-09-29T03:53Z,M1.1,S09W88,12423,GOES15: SEM/XRS 1.0-8.0,None
2015-09-29T04:41:00-FLR-001,2015-09-29T04:41Z,2015-09-29T04:46Z,2015-09-29T04:55Z,C5.1,S07W79,12423,GOES15: SEM/XRS 1.0-8.0,None
2015-09-29T05:05:00-FLR-001,2015-09-29T05:05Z,2015-09-29T05:16Z,2015-09-29T05:33Z,M2.9,S09W80,12423,GOES15: SEM/XRS 1.0-8.0,None
2015-09-29T05:33:00-FLR-001,2015-09-29T05:33Z,2015-09-29T05:37Z,2015-09-29T05:39Z,M1.2,S09W80,12423,GOES15: SEM/XRS 1.0-8.0,None
2015-09-29T05:53:00-FLR-001,2015-09-29T05:53Z,2015-09-29T05:56Z,2015-09-29T06:04Z,M1.0,S19W37,12422,GOES15: SEM/XRS 1.0-8.0,None
2015-09-29T06:15:00-FLR-001,2015-09-29T06:15Z,2015-09-29T06:18Z,2015-09-29T06:23Z,C8.6,S19W38,12422,GOES15: SEM/XRS 1.0-8.0,None
2015-09-29T06:39:00-FLR-001,2015-09-29T06:39Z,2015-09-29T06:43Z,2015-09-29T06:46Z,M1.4,S20W38,12422,GOES15: SEM/XRS 1.0-8.0,None
2015-09-29T08:46:00-FLR-001,2015-09-29T08:46Z,2015-09-29T08:55Z,2015-09-29T08:51Z,M1.3,S09W88,12423,GOES15: SEM/XRS 1.0-8.0,None
2015-09-29T09:22:00-FLR-001,2015-09-29T09:22Z,2015-09-29T09:26Z,2015-09-29T09:28Z,C5.2,S21W33,12422,GOES15: SEM/XRS 1.0-8.0,None
2015-09-29T11:09:00-FLR-001,2015-09-29T11:09Z,2015-09-29T11:15Z,2015-09-29T11:20Z,M1.6,S20W39,12422,GOES15: SEM/XRS 1.0-8.0,None
2015-09-29T19:20:00-FLR-001,2015-09-29T19:20Z,2015-09-29T19:24Z,2015-09-29T19:27Z,M1.1,S15W44,12422,GOES15: SEM/XRS 1.0-8.0,None
2015-09-30T10:49:00-FLR-001,2015-09-30T10:49Z,2015-09-30T10:59Z,2015-09-30T11:13Z,M1.3,S20W50,12422,GOES15: SEM/XRS 1.0-8.0,None
2015-09-30T13:18:00-FLR-001,2015-09-30T13:18Z,2015-09-30T13:20Z,2015-09-30T13:21Z,M1.1,S20W55,12422,GOES15: SEM/XRS 1.0-8.0,None
2015-10-01T13:03:00-FLR-001,2015-10-01T13:03Z,2015-10-01T13:10Z,2015-10-01T13:14Z,M4.5,S18W62,12422,GOES15: SEM/XRS 1.0-8.0,None
2015-10-02T00:08:00-FLR-001,2015-10-02T00:08Z,2015-10-02T00:13Z,2015-10-02T00:17Z,M5.5,S20W66,12422,GOES15: SEM/XRS 1.0-8.0,None
2015-10-02T12:21:00-FLR-001,2015-10-02T12:21Z,2015-10-02T12:26Z,2015-10-02T12:31Z,M1.0,S20W73,12422,GOES15: SEM/XRS 1.0-8.0,None
2015-10-02T17:10:00-FLR-001,2015-10-02T17:10Z,2015-10-02T17:18Z,2015-10-02T17:25Z,M1.0,S21W78,12422,GOES15: SEM/XRS 1.0-8.0,None
2015-10-04T02:36:00-FLR-001,2015-10-04T02:36Z,2015-10-04T02:41Z,2015-10-04T02:48Z,M1.0,S18W78,12422,GOES15: SEM/XRS 1.0-8.0,None
2015-10-15T23:27:00-FLR-001,2015-10-15T23:27Z,2015-10-15T23:31Z,2015-10-15T23:37Z,M1.1,S11E50,12434,GOES15: SEM/XRS 1.0-8.0,None
2015-10-16T06:11:00-FLR-001,2015-10-16T06:11Z,2015-10-16T06:16Z,2015-10-16T06:20Z,M1.1,S11E45,12434,GOES15: SEM/XRS 1.0-8.0,None
2015-10-17T20:09:00-FLR-001,2015-10-17T20:09Z,2015-10-17T20:23Z,2015-10-17T20:28Z,M1.1,S18E79,12437,GOES15: SEM/XRS 1.0-8.0,None
2015-10-17T20:35:00-FLR-001,2015-10-17T20:35Z,2015-10-17T20:42Z,2015-10-17T20:46Z,M1.5,S18E79,12437,GOES15: SEM/XRS 1.0-8.0,None
2015-10-22T02:13:00-FLR-001,2015-10-22T02:13Z,2015-10-22T03:40Z,2015-10-22T07:44Z,C4.4,S10W34,12434,GOES15: SEM/XRS 1.0-8.0,2015-10-22T03:12:00-CME-001
2015-10-29T01:03:00-FLR-001,2015-10-29T01:03Z,2015-10-29T01:25Z,2015-10-29T01:40Z,C1.1,N19W37,12440,GOES15: SEM/XRS 1.0-8.0;,2015-10-29T04:00:00-SEP-001;2015-10-29T04:35:00-SEP-001;2015-10-29T05:50:00-SEP-001;
2015-10-31T17:48:00-FLR-001,2015-10-31T17:48Z,2015-10-31T17:52Z,2015-10-31T17:55Z,M1.0,N08E45,12443,GOES15: SEM/XRS 1.0-8.0,None
2015-11-03T18:43:00-FLR-001,2015-11-03T18:43Z,2015-11-03T19:09Z,2015-11-03T19:31Z,C5.5,N09E11,12443,GOES15: SEM/XRS 1.0-8.0,None
2015-11-04T03:20:00-FLR-001,2015-11-04T03:20Z,2015-11-04T03:25Z,2015-11-04T03:29Z,M1.9,N14W65,12445,GOES15: SEM/XRS 1.0-8.0,2015-11-04T03:48:00-CME-001
2015-11-04T08:47:00-FLR-001,2015-11-04T08:47Z,2015-11-04T09:00Z,2015-11-04T09:09Z,C4.6,N16W76,12445,GOES15: SEM/XRS 1.0-8.0,None
2015-11-04T11:56:00-FLR-001,2015-11-04T11:56Z,2015-11-04T12:03Z,2015-11-04T12:12Z,M2.6,N16W76,12445,GOES15: SEM/XRS 1.0-8.0,None
2015-11-04T13:30:00-FLR-001,2015-11-04T13:30Z,2015-11-04T13:52Z,2015-11-04T14:13Z,M3.7,N06W04,12443,GOES15: SEM/XRS 1.0-8.0,2015-11-04T14:24:00-CME-001
2015-11-09T12:49:00-FLR-001,2015-11-09T12:49Z,2015-11-09T13:12Z,2015-11-09T13:28Z,M3.9,S12E39,12449,GOES15: SEM/XRS 1.0-8.0,None
2015-12-01T07:59:00-FLR-001,2015-12-01T07:59Z,2015-12-01T08:10Z,2015-12-01T08:30Z,C3.6,N10W42,12458,GOES15: SEM/XRS 1.0-8.0,2015-12-01T09:54:00-CME-001
2015-12-16T08:34:00-FLR-001,2015-12-16T08:34Z,2015-12-16T09:03Z,2015-12-16T09:23Z,C6.6,S14W02,12468,GOES15: SEM/XRS 1.0-8.0,2015-12-16T09:36:00-CME-001
2015-12-21T00:52:00-FLR-001,2015-12-21T00:52Z,2015-12-21T01:03Z,2015-12-21T01:11Z,M2.8,N01E81,,GOES15: SEM/XRS 1.0-8.0,2015-12-21T01:24:00-CME-001
2015-12-21T10:09:00-FLR-001,2015-12-21T10:09Z,2015-12-21T10:19Z,2015-12-21T10:32Z,M1.1,N01E81,,GOES15: SEM/XRS 1.0-8.0,2015-12-21T10:48:00-CME-001
2015-12-22T03:15:00-FLR-001,2015-12-22T03:15Z,2015-12-22T03:34Z,2015-12-22T03:48Z,M1.6,S22E77,12473,GOES15: SEM/XRS 1.0-8.0,None
2015-12-22T13:06:00-FLR-001,2015-12-22T13:06Z,2015-12-22T13:38Z,2015-12-22T13:53Z,C6.3,N05E74,12472,GOES15: SEM/XRS 1.0-8.0,None
2015-12-23T00:23:00-FLR-001,2015-12-23T00:23Z,2015-12-23T00:40Z,2015-12-23T00:52Z,M4.7,S21E65,12473,GOES15: SEM/XRS 1.0-8.0,2015-12-23T01:09:00-CME-001
2015-12-24T01:49:00-FLR-001,2015-12-24T01:49Z,2015-12-24T02:12Z,2015-12-24T02:22Z,M1.1,S21E50,12473,GOES15: SEM/XRS 1.0-8.0,None
2015-12-28T11:20:00-FLR-001,2015-12-28T11:20Z,2015-12-28T12:45Z,2015-12-28T14:09Z,M1.8,S22W12,12473,GOES15: SEM/XRS 1.0-8.0,2015-12-28T12:39:00-CME-001
2015-12-29T10:11:00-FLR-001,2015-12-29T10:11Z,2015-12-29T10:32Z,2015-12-29T10:43Z,C6.8,S19W23,12473,GOES15: SEM/XRS 1.0-8.0,None
2016-01-01T23:00:00-FLR-001,2016-01-01T23:00Z,2015-01-02T00:10Z,,M2.3,S21W73,12473,GOES15: SEM/XRS 1.0-8.0;,2016-01-01T23:12:00-CME-001;2016-01-02T02:48:00-SEP-001;2016-01-02T04:30:00-SEP-001;
2016-01-28T11:48:00-FLR-001,2016-01-28T11:48Z,2016-01-28T12:02Z,2016-01-28T12:56Z,C9.6,N03W47,12488,GOES15: SEM/XRS 1.0-8.0,2016-01-28T12:24:00-CME-001
2016-02-04T18:15:00-FLR-001,2016-02-04T18:15Z,2016-02-04T18:22Z,2016-02-04T18:28Z,C5.1,S11E13,12494,GOES15: SEM/XRS 1.0-8.0,None
2016-02-11T20:18:00-FLR-001,2016-02-11T20:18Z,2016-02-11T21:03Z,2016-02-11T22:27Z,C8.9,N11W11,12497,GOES15: SEM/XRS 1.0-8.0,2016-02-11T21:28:00-CME-001
2016-02-12T10:37:00-FLR-001,2016-02-12T10:37Z,2016-02-12T10:47Z,2016-02-12T10:53Z,M1.0,N11W14,12497,GOES15: SEM/XRS 1.0-8.0,None
2016-02-13T15:18:00-FLR-001,2016-02-13T15:18Z,2016-02-13T15:24Z,2016-02-13T15:26Z,M1.8,N14W28,12497,GOES15: SEM/XRS 1.0-8.0,None
2016-02-14T19:20:00-FLR-001,2016-02-14T19:20Z,2016-02-14T19:26Z,2016-02-14T19:29Z,M1.0,N12W47,12497,GOES15: SEM/XRS 1.0-8.0,None
2016-02-15T10:41:00-FLR-001,2016-02-15T10:41Z,2016-02-15T11:00Z,2016-02-15T11:06Z,M1.1,N11W54,12497,GOES15: SEM/XRS 1.0-8.0,None
2016-02-17T04:54:00-FLR-001,2016-02-17T04:54Z,2016-02-17T05:01Z,2016-02-17T05:07Z,C9.4,N17W82,12497,GOES15: SEM/XRS 1.0-8.0,None
2016-03-16T06:34:00-FLR-001,2016-03-16T06:34Z,2016-03-16T06:45Z,2016-03-16T06:57Z,C2.2,N12W88,12522,GOES15: SEM/XRS 1.0-8.0,2016-03-16T07:00:00-CME-001
2016-04-09T12:08:00-FLR-001,2016-04-09T12:08Z,2016-04-09T13:42Z,2016-04-09T16:00Z,C2.8,N11E60,12529,GOES15: SEM/XRS 1.0-8.0,2016-04-09T13:36:00-CME-001
2016-04-18T00:14:00-FLR-001,2016-04-18T00:14Z,2016-04-18T00:29Z,2016-04-18T00:39Z,M6.7,N10W51,12529,GOES15: SEM/XRS 1.0-8.0,2016-04-18T00:36:00-CME-001
2016-06-27T09:42:00-FLR-001,2016-06-27T09:42Z,2016-06-27T09:58Z,2016-06-27T10:24Z,B5.8,N14E42,,GOES15: SEM/XRS 1.0-8.0,2016-06-27T10:24:00-CME-001
2016-07-07T07:49:00-FLR-001,2016-07-07T07:49Z,2016-07-07T07:56Z,,C5.1,S16W35,,GOES15: SEM/XRS 1.0-8.0,None
2016-07-10T00:53:00-FLR-001,2016-07-10T00:53Z,2016-07-10T00:59Z,,C8.6,N12E67,12564,GOES15: SEM/XRS 1.0-8.0,2016-07-10T00:53:00-CME-001
2016-07-21T00:41:00-FLR-001,2016-07-21T00:41Z,2016-07-21T00:46Z,2016-07-21T01:15Z,M1.2,N5W38,12567,GOES15: SEM/XRS 1.0-8.0,None
2016-07-21T01:34:00-FLR-001,2016-07-21T01:34Z,2016-07-21T01:48Z,2016-07-21T03:15Z,M1.0,N5W40,12567,GOES15: SEM/XRS 1.0-8.0,None
2016-07-23T01:46:00-FLR-001,2016-07-23T01:46Z,2016-07-23T02:11Z,2016-07-23T02:23Z,M5.0,N05W73,12565,GOES15: SEM/XRS 1.0-8.0,None
2016-07-23T05:00:00-FLR-001,2016-07-23T05:00Z,2016-07-23T05:16Z,2016-07-23T05:24Z,M7.6,N05W73,12565,GOES15: SEM/XRS 1.0-8.0,2016-07-23T05:24:00-CME-001
2016-07-23T05:27:00-FLR-001,2016-07-23T05:27Z,2016-07-23T05:31Z,2016-07-23T05:33Z,M5.5,N05W75,12565,GOES15: SEM/XRS 1.0-8.0,2016-07-23T05:24:00-CME-001
2016-07-24T06:09:00-FLR-001,2016-07-24T06:09Z,2016-07-24T06:20Z,2016-07-24T06:32Z,M2.0,N06W89,12567,GOES15: SEM/XRS 1.0-8.0,None
2016-07-24T17:30:00-FLR-001,2016-07-24T17:30Z,2016-07-24T17:43Z,2016-07-24T18:12Z,M1.9,N07W89,12567,GOES15: SEM/XRS 1.0-8.0,None
2016-08-07T14:37:00-FLR-001,2016-08-07T14:37Z,2016-08-07T14:44Z,2016-08-07T14:48Z,M1.3,S10W90,,GOES15: SEM/XRS 1.0-8.0,None
2016-08-09T00:34:00-FLR-001,2016-08-09T00:34Z,2016-08-09T00:42Z,2016-08-09T00:52Z,C8.9,S1E73,12574,GOES15: SEM/XRS 1.0-8.0,None
2016-11-29T17:19:00-FLR-001,2016-11-29T17:19Z,2016-11-29T17:23Z,2016-11-29T17:26Z,M1.0,S08E54,12615,GOES15: SEM/XRS 1.0-8.0,None
2016-11-29T23:29:00-FLR-001,2016-11-29T23:29Z,2016-11-29T23:38Z,2016-11-30T23:40Z,M1.2,S08E54,12615,GOES15: SEM/XRS 1.0-8.0,None
2016-12-10T16:48:00-FLR-001,2016-12-10T16:48Z,2016-12-10T17:15Z,2016-12-10T17:35Z,C4.0,S07W89,,GOES15: SEM/XRS 1.0-8.0,2016-12-10T17:24:00-CME-001
